1315188097	5	0,1,2,3,4	8
1315188097	5	0,1,2,3,4	10
1315188097	5	0,1,2,3,4	13
1315188097	5	0,1,2,3,4	15
12266306753	5	0,1,2,3,6	9
12266306753	5	0,1,2,3,6	12
3124473857	5	0,1,2,3,7	4
3124473857	5	0,1,2,3,7	9
1264110721	5	0,1,2,3,10	1
1264110721	5	0,1,2,3,10	4
1250447873	5	0,1,2,3,13	7
1250447873	5	0,1,2,3,13	10
1250447873	5	0,1,2,3,22	1
1250447873	5	0,1,2,3,22	4
1264110721	5	0,1,2,3,25	7
1264110721	5	0,1,2,3,25	10
3124473857	5	0,1,2,3,28	2
3124473857	5	0,1,2,3,28	7
12266306753	5	0,1,2,3,29	2
12266306753	5	0,1,2,3,29	15
6010109057	5	0,1,2,4,6	14
6010109057	5	0,1,2,4,6	15
2174096129	5	0,1,2,4,10	14
2174096129	5	0,1,2,4,10	15
2908472641	5	0,1,2,4,13	7
2908472641	5	0,1,2,4,13	14
2560041857	5	0,1,2,4,25	7
2560041857	5	0,1,2,4,25	14
6980274881	5	0,1,2,5,6	8
6980274881	5	0,1,2,5,6	13
1261872641	5	0,1,2,5,12	10
1261872641	5	0,1,2,5,12	15
3180193537	5	0,1,2,5,25	2
3180193537	5	0,1,2,5,25	15
10386168577	5	0,1,2,6,27	7
10386168577	5	0,1,2,6,27	14
3466209473	5	0,1,2,7,9	2
3466209473	5	0,1,2,7,9	15
2286007873	5	0,1,2,7,14	10
2286007873	5	0,1,2,7,14	15
10386168577	5	0,1,2,7,28	10
10386168577	5	0,1,2,7,28	15
6142387969	5	0,1,2,8,9	4
6142387969	5	0,1,2,8,9	13
2534721281	5	0,1,2,8,15	3
2534721281	5	0,1,2,8,15	10
1363117121	5	0,1,2,8,24	2
1363117121	5	0,1,2,8,24	3
4076771393	5	0,1,2,8,25	2
4076771393	5	0,1,2,8,25	11
4368968641	5	0,1,2,9,10	1
4368968641	5	0,1,2,9,10	4
2534721281	5	0,1,2,9,23	2
2534721281	5	0,1,2,9,23	15
4076771393	5	0,1,2,9,26	3
4076771393	5	0,1,2,9,26	6
3180193537	5	0,1,2,9,29	3
3180193537	5	0,1,2,9,29	14
2560041857	5	0,1,2,9,30	10
2560041857	5	0,1,2,9,30	15
1363117121	5	0,1,2,10,26	2
1363117121	5	0,1,2,10,26	3
5783474497	5	0,1,2,11,12	1
5783474497	5	0,1,2,11,12	4
2286007873	5	0,1,2,11,20	2
2286007873	5	0,1,2,11,20	7
12266306753	5	0,1,2,11,22	2
12266306753	5	0,1,2,11,22	7
2534721281	5	0,1,2,11,25	3
2534721281	5	0,1,2,11,25	14
7700867137	5	0,1,2,12,21	7
7700867137	5	0,1,2,12,21	14
12266306753	5	0,1,2,12,23	3
12266306753	5	0,1,2,12,23	10
5080241857	5	0,1,2,13,14	1
5080241857	5	0,1,2,13,14	4
7204192769	5	0,1,2,13,14	8
7204192769	5	0,1,2,13,14	13
2025615041	5	0,1,2,13,15	3
2025615041	5	0,1,2,13,15	14
1479358081	5	0,1,2,13,20	11
1479358081	5	0,1,2,13,20	14
7700867137	5	0,1,2,13,22	10
7700867137	5	0,1,2,13,22	15
1297511617	5	0,1,2,14,15	1
2870372737	5	0,1,2,14,15	4
1297511617	5	0,1,2,14,15	8
2870372737	5	0,1,2,14,15	13
1479358081	5	0,1,2,14,21	6
1479358081	5	0,1,2,14,21	15
2286007873	5	0,1,2,14,23	3
2286007873	5	0,1,2,14,23	10
15181899841	5	0,1,2,15,16	1
15181899841	5	0,1,2,15,16	4
7905283201	5	0,1,2,15,18	11
7905283201	5	0,1,2,15,18	14
6893348353	5	0,1,2,16,17	1
6893348353	5	0,1,2,16,17	2
6893348353	5	0,1,2,16,17	8
6893348353	5	0,1,2,16,17	11
7905283201	5	0,1,2,16,19	6
7905283201	5	0,1,2,16,19	15
6893348353	5	0,1,2,17,18	3
6893348353	5	0,1,2,17,18	6
6893348353	5	0,1,2,17,18	8
6893348353	5	0,1,2,17,18	13
15181899841	5	0,1,2,18,19	4
15181899841	5	0,1,2,18,19	13
2870372737	5	0,1,2,19,20	1
2870372737	5	0,1,2,19,20	4
1297511617	5	0,1,2,19,20	8
1297511617	5	0,1,2,19,20	13
2025615041	5	0,1,2,19,21	2
2025615041	5	0,1,2,19,21	15
2534721281	5	0,1,2,19,26	2
2534721281	5	0,1,2,19,26	7
7204192769	5	0,1,2,20,21	1
5080241857	5	0,1,2,20,21	4
7204192769	5	0,1,2,20,21	8
5080241857	5	0,1,2,20,21	13
2286007873	5	0,1,2,20,27	7
2286007873	5	0,1,2,20,27	14
2908472641	5	0,1,2,21,30	10
2908472641	5	0,1,2,21,30	15
5783474497	5	0,1,2,22,23	4
5783474497	5	0,1,2,22,23	13
1261872641	5	0,1,2,22,29	7
1261872641	5	0,1,2,22,29	14
4368968641	5	0,1,2,24,25	4
4368968641	5	0,1,2,24,25	13
2174096129	5	0,1,2,24,30	14
2174096129	5	0,1,2,24,30	15
6142387969	5	0,1,2,25,26	1
6142387969	5	0,1,2,25,26	4
3466209473	5	0,1,2,25,27	3
3466209473	5	0,1,2,25,27	14
6980274881	5	0,1,2,28,29	1
6980274881	5	0,1,2,28,29	8
6010109057	5	0,1,2,28,30	14
6010109057	5	0,1,2,28,30	15
5783474497	5	0,1,3,4,6	4
5783474497	5	0,1,3,4,6	7
1544970433	5	0,1,3,4,9	7
1544970433	5	0,1,3,4,9	12
2109020929	5	0,1,3,4,11	1
2109020929	5	0,1,3,4,11	10
1679313473	5	0,1,3,4,12	1
1679313473	5	0,1,3,4,12	2
2029795969	5	0,1,3,4,14	4
2029795969	5	0,1,3,4,14	7
2029795969	5	0,1,3,4,22	4
2029795969	5	0,1,3,4,22	7
1679313473	5	0,1,3,4,24	9
1679313473	5	0,1,3,4,24	10
2109020929	5	0,1,3,4,25	1
2109020929	5	0,1,3,4,25	10
1544970433	5	0,1,3,4,27	4
1544970433	5	0,1,3,4,27	15
5783474497	5	0,1,3,4,30	4
5783474497	5	0,1,3,4,30	7
2135255873	5	0,1,3,5,7	1
2135255873	5	0,1,3,5,7	14
8925216449	5	0,1,3,5,8	3
8925216449	5	0,1,3,5,8	4
2433845569	5	0,1,3,5,8	9
2433845569	5	0,1,3,5,8	14
1105734017	5	0,1,3,5,17	1
1105734017	5	0,1,3,5,17	14
1818401089	5	0,1,3,5,21	1
1818401089	5	0,1,3,5,21	14
2534721281	5	0,1,3,6,11	7
2534721281	5	0,1,3,6,11	12
2286007873	5	0,1,3,6,28	13
2286007873	5	0,1,3,6,28	14
3525947393	5	0,1,3,7,9	2
3525947393	5	0,1,3,7,9	13
2025800129	5	0,1,3,7,23	2
2025800129	5	0,1,3,7,23	13
2837232961	5	0,1,3,7,26	0
2837232961	5	0,1,3,7,26	7
1398270529	5	0,1,3,7,27	1
1398270529	5	0,1,3,7,27	14
2785497217	5	0,1,3,7,28	10
2785497217	5	0,1,3,7,28	13
3289367041	5	0,1,3,7,30	3
3289367041	5	0,1,3,7,30	4
1076442817	5	0,1,3,8,22	4
1076442817	5	0,1,3,8,22	7
1601343937	5	0,1,3,9,10	10
1601343937	5	0,1,3,9,10	13
2109020929	5	0,1,3,9,12	3
2109020929	5	0,1,3,9,12	4
1076442817	5	0,1,3,9,14	9
1076442817	5	0,1,3,9,14	14
2534721281	5	0,1,3,9,18	8
2534721281	5	0,1,3,9,18	15
2709394817	5	0,1,3,9,30	3
2709394817	5	0,1,3,9,30	4
2292195137	5	0,1,3,9,30	10
2292195137	5	0,1,3,9,30	13
2709394817	5	0,1,3,10,11	1
2292195137	5	0,1,3,10,11	6
2709394817	5	0,1,3,10,11	10
2292195137	5	0,1,3,10,11	13
1083295937	5	0,1,3,10,25	1
1083295937	5	0,1,3,10,25	10
1544970433	5	0,1,3,11,12	1
1544970433	5	0,1,3,11,12	6
3525947393	5	0,1,3,11,13	2
3525947393	5	0,1,3,11,13	13
1601343937	5	0,1,3,11,14	2
1601343937	5	0,1,3,11,14	5
2174096129	5	0,1,3,11,21	3
2174096129	5	0,1,3,11,21	12
1076442817	5	0,1,3,11,26	8
1076442817	5	0,1,3,11,26	15
1162540033	5	0,1,3,12,17	7
1162540033	5	0,1,3,12,17	12
1162540033	5	0,1,3,12,19	3
1162540033	5	0,1,3,12,19	8
1479358081	5	0,1,3,12,21	2
1479358081	5	0,1,3,12,21	9
4337074369	5	0,1,3,12,25	4
4337074369	5	0,1,3,12,25	15
1385857601	5	0,1,3,12,28	13
1385857601	5	0,1,3,12,28	14
1261872641	5	0,1,3,12,29	1
1261872641	5	0,1,3,12,29	10
2624020417	5	0,1,3,13,16	3
2624020417	5	0,1,3,13,16	4
2624020417	5	0,1,3,13,16	9
2624020417	5	0,1,3,13,16	14
2155022657	5	0,1,3,13,20	0
2155022657	5	0,1,3,13,20	7
3693023041	5	0,1,3,13,21	2
3693023041	5	0,1,3,13,21	13
4262885761	5	0,1,3,13,22	10
4262885761	5	0,1,3,13,22	13
2837232961	5	0,1,3,13,30	9
2837232961	5	0,1,3,13,30	14
1416056641	5	0,1,3,14,16	8
1416056641	5	0,1,3,14,16	11
1240209601	5	0,1,3,14,30	4
1240209601	5	0,1,3,14,30	7
2412295169	5	0,1,3,15,16	1
2412295169	5	0,1,3,15,16	6
2412295169	5	0,1,3,15,16	8
2412295169	5	0,1,3,15,16	15
2870372737	5	0,1,3,15,18	2
2870372737	5	0,1,3,15,18	5
1297511617	5	0,1,3,15,18	9
1297511617	5	0,1,3,15,18	14
1803923969	5	0,1,3,15,20	0
1803923969	5	0,1,3,15,20	7
1750277953	5	0,1,3,15,21	3
1750277953	5	0,1,3,15,21	12
1622511361	5	0,1,3,15,22	3
1622511361	5	0,1,3,15,22	4
2025615041	5	0,1,3,15,30	10
2025615041	5	0,1,3,15,30	13
1416056641	5	0,1,3,16,30	9
1416056641	5	0,1,3,16,30	10
15181899841	5	0,1,3,17,18	10
15181899841	5	0,1,3,17,18	13
7817766721	5	0,1,3,17,20	3
7817766721	5	0,1,3,17,20	4
1416056641	5	0,1,3,17,30	3
1416056641	5	0,1,3,17,30	4
7905283201	5	0,1,3,18,19	4
7905283201	5	0,1,3,18,19	15
2025615041	5	0,1,3,18,30	4
2025615041	5	0,1,3,18,30	7
7817766721	5	0,1,3,19,20	1
7817766721	5	0,1,3,19,20	6
2003887297	5	0,1,3,19,23	0
2003887297	5	0,1,3,19,23	15
1240209601	5	0,1,3,19,30	10
1240209601	5	0,1,3,19,30	13
1803923969	5	0,1,3,20,21	1
1803923969	5	0,1,3,20,21	10
2837232961	5	0,1,3,20,22	1
2837232961	5	0,1,3,20,22	2
2155022657	5	0,1,3,20,23	2
2155022657	5	0,1,3,20,23	9
1747047233	5	0,1,3,20,24	0
1747047233	5	0,1,3,20,24	3
1747047233	5	0,1,3,20,28	9
1747047233	5	0,1,3,20,28	10
2837232961	5	0,1,3,20,30	0
2837232961	5	0,1,3,20,30	3
1622511361	5	0,1,3,21,26	9
1622511361	5	0,1,3,21,26	14
3289367041	5	0,1,3,22,23	6
3289367041	5	0,1,3,22,23	13
1866576577	5	0,1,3,22,24	4
1866576577	5	0,1,3,22,24	7
1622511361	5	0,1,3,22,26	12
1622511361	5	0,1,3,22,26	15
2029795969	5	0,1,3,23,26	8
2029795969	5	0,1,3,23,26	15
1296611009	5	0,1,3,24,25	6
1296611009	5	0,1,3,24,25	13
1296611009	5	0,1,3,24,27	2
1296611009	5	0,1,3,24,27	9
2292195137	5	0,1,3,24,30	4
2292195137	5	0,1,3,24,30	7
2709394817	5	0,1,3,24,30	9
2709394817	5	0,1,3,24,30	10
1932869249	5	0,1,3,25,27	1
1788854657	5	0,1,3,25,27	2
1788854657	5	0,1,3,25,27	13
1932869249	5	0,1,3,25,27	14
1866576577	5	0,1,3,26,27	6
1866576577	5	0,1,3,26,27	13
4262885761	5	0,1,3,26,28	1
4262885761	5	0,1,3,26,28	2
1250447873	5	0,1,3,26,29	3
1250447873	5	0,1,3,26,29	8
3289367041	5	0,1,3,26,30	9
3289367041	5	0,1,3,26,30	10
7700867137	5	0,1,3,28,29	1
7700867137	5	0,1,3,28,29	10
1479358081	5	0,1,4,5,10	9
1479358081	5	0,1,4,5,10	12
2738566849	5	0,1,4,5,13	4
2738566849	5	0,1,4,5,13	9
2785497217	5	0,1,4,5,14	1
2785497217	5	0,1,4,5,14	4
2155022657	5	0,1,4,5,15	2
2155022657	5	0,1,4,5,15	15
4169310721	5	0,1,4,5,16	9
4169310721	5	0,1,4,5,16	12
4169310721	5	0,1,4,5,21	2
4169310721	5	0,1,4,5,21	15
2155022657	5	0,1,4,5,22	9
2155022657	5	0,1,4,5,22	12
2785497217	5	0,1,4,5,23	7
2785497217	5	0,1,4,5,23	10
2738566849	5	0,1,4,5,24	2
2738566849	5	0,1,4,5,24	7
1479358081	5	0,1,4,5,27	2
1479358081	5	0,1,4,5,27	15
7700867137	5	0,1,4,5,30	1
7700867137	5	0,1,4,5,30	4
1479358081	5	0,1,4,7,11	4
1479358081	5	0,1,4,7,11	9
2025615041	5	0,1,4,7,26	9
2025615041	5	0,1,4,7,26	12
2908472641	5	0,1,4,7,27	1
2908472641	5	0,1,4,7,27	12
5080241857	5	0,1,4,7,29	0
7204192769	5	0,1,4,7,29	7
7204192769	5	0,1,4,7,29	10
5080241857	5	0,1,4,7,29	13
1250447873	5	0,1,4,7,30	9
1250447873	5	0,1,4,7,30	12
3693023041	5	0,1,4,8,10	12
3693023041	5	0,1,4,8,10	13
1499487617	5	0,1,4,8,18	12
1499487617	5	0,1,4,8,18	13
2560041857	5	0,1,4,9,18	8
2560041857	5	0,1,4,9,18	13
4337074369	5	0,1,4,9,19	2
4337074369	5	0,1,4,9,19	15
2109020929	5	0,1,4,9,27	7
2109020929	5	0,1,4,9,27	10
4191854593	5	0,1,4,9,28	10
4191854593	5	0,1,4,9,28	15
1750277953	5	0,1,4,10,14	14
1750277953	5	0,1,4,10,14	15
1622511361	5	0,1,4,10,15	3
1622511361	5	0,1,4,10,15	10
1818401089	5	0,1,4,10,16	2
1818401089	5	0,1,4,10,16	3
1803923969	5	0,1,4,10,29	3
1803923969	5	0,1,4,10,29	10
1679313473	5	0,1,4,11,12	8
1679313473	5	0,1,4,11,12	13
1162540033	5	0,1,4,11,17	4
1162540033	5	0,1,4,11,17	9
4337074369	5	0,1,4,11,19	3
4337074369	5	0,1,4,11,19	14
1385857601	5	0,1,4,11,20	2
1385857601	5	0,1,4,11,20	7
2908472641	5	0,1,4,11,21	3
2908472641	5	0,1,4,11,21	14
1544970433	5	0,1,4,11,25	0
1544970433	5	0,1,4,11,25	13
1162540033	5	0,1,4,11,27	3
1162540033	5	0,1,4,11,27	14
1980328897	5	0,1,4,12,16	2
1980328897	5	0,1,4,12,16	3
1149803329	5	0,1,4,12,16	4
1149803329	5	0,1,4,12,16	5
2738566849	5	0,1,4,12,21	0
2738566849	5	0,1,4,12,21	9
3180193537	5	0,1,4,12,23	7
3180193537	5	0,1,4,12,23	14
1582598657	5	0,1,4,12,28	0
1582598657	5	0,1,4,12,28	1
1660967617	5	0,1,4,13,14	3
1660967617	5	0,1,4,13,14	6
4169310721	5	0,1,4,13,16	1
4169310721	5	0,1,4,13,16	4
2504482049	5	0,1,4,13,17	4
2504482049	5	0,1,4,13,17	9
3291724481	5	0,1,4,13,23	7
3291724481	5	0,1,4,13,23	10
1261872641	5	0,1,4,13,27	2
1261872641	5	0,1,4,13,27	15
3729188993	5	0,1,4,13,29	3
3729188993	5	0,1,4,13,29	14
10386168577	5	0,1,4,14,23	3
10386168577	5	0,1,4,14,23	10
1949480513	5	0,1,4,14,28	14
1949480513	5	0,1,4,14,28	15
1580684929	5	0,1,4,14,29	0
1580684929	5	0,1,4,14,29	9
4065171137	5	0,1,4,15,18	11
4065171137	5	0,1,4,15,18	14
1660967617	5	0,1,4,15,21	7
1660967617	5	0,1,4,15,21	10
3289367041	5	0,1,4,15,22	9
3289367041	5	0,1,4,15,22	12
3188336449	5	0,1,4,16,19	2
1941781697	5	0,1,4,16,19	4
4165229569	5	0,1,4,16,19	7
3188336449	5	0,1,4,16,19	11
1941781697	5	0,1,4,16,19	13
4165229569	5	0,1,4,16,19	14
2504482049	5	0,1,4,16,21	6
2504482049	5	0,1,4,16,21	15
2003887297	5	0,1,4,16,22	2
2003887297	5	0,1,4,16,22	3
1582598657	5	0,1,4,16,24	2
1582598657	5	0,1,4,16,24	3
1385857601	5	0,1,4,16,27	0
1385857601	5	0,1,4,16,27	9
2504482049	5	0,1,4,16,29	3
2504482049	5	0,1,4,16,29	10
1162540033	5	0,1,4,17,27	1
1162540033	5	0,1,4,17,27	12
2504482049	5	0,1,4,17,29	4
2504482049	5	0,1,4,17,29	9
3291724481	5	0,1,4,18,21	1
3291724481	5	0,1,4,18,21	8
1941781697	5	0,1,4,19,20	1
3188336449	5	0,1,4,19,20	3
1941781697	5	0,1,4,19,20	4
3188336449	5	0,1,4,19,20	6
4165229569	5	0,1,4,19,20	10
4165229569	5	0,1,4,19,20	15
1580684929	5	0,1,4,19,23	2
1580684929	5	0,1,4,19,23	15
1580684929	5	0,1,4,19,29	3
1580684929	5	0,1,4,19,29	14
3729188993	5	0,1,4,20,21	3
3729188993	5	0,1,4,20,21	10
2025800129	5	0,1,4,20,22	12
2025800129	5	0,1,4,20,22	13
1149803329	5	0,1,4,20,24	8
1149803329	5	0,1,4,20,24	9
1980328897	5	0,1,4,20,24	14
1980328897	5	0,1,4,20,24	15
1105734017	5	0,1,4,20,26	2
1105734017	5	0,1,4,20,26	3
3729188993	5	0,1,4,20,29	0
3729188993	5	0,1,4,20,29	9
1261872641	5	0,1,4,21,30	1
1261872641	5	0,1,4,21,30	4
1803923969	5	0,1,4,23,29	4
1803923969	5	0,1,4,23,29	9
1679313473	5	0,1,4,24,27	2
1679313473	5	0,1,4,24,27	11
4337074369	5	0,1,4,25,27	1
4337074369	5	0,1,4,25,27	12
4191854593	5	0,1,4,25,28	1
4191854593	5	0,1,4,25,28	4
1119726401	5	0,1,4,26,28	0
1119726401	5	0,1,4,26,28	1
7204192769	5	0,1,4,26,29	4
5080241857	5	0,1,4,26,29	7
7204192769	5	0,1,4,26,29	13
5080241857	5	0,1,4,26,29	14
5080241857	5	0,1,5,6,10	1
5080241857	5	0,1,5,6,10	2
7204192769	5	0,1,5,6,10	4
7204192769	5	0,1,5,6,10	7
2870372737	5	0,1,5,6,11	2
1297511617	5	0,1,5,6,11	4
2870372737	5	0,1,5,6,11	9
1297511617	5	0,1,5,6,11	15
3291724481	5	0,1,5,6,12	12
3291724481	5	0,1,5,6,12	15
7817766721	5	0,1,5,6,16	9
7817766721	5	0,1,5,6,16	10
3188336449	5	0,1,5,6,17	1
1941781697	5	0,1,5,6,17	2
4165229569	5	0,1,5,6,17	4
1941781697	5	0,1,5,6,17	9
3188336449	5	0,1,5,6,17	10
4165229569	5	0,1,5,6,17	15
1660967617	5	0,1,5,6,18	1
1660967617	5	0,1,5,6,18	2
1660967617	5	0,1,5,6,20	9
1660967617	5	0,1,5,6,20	10
3188336449	5	0,1,5,6,21	1
1941781697	5	0,1,5,6,21	2
4165229569	5	0,1,5,6,21	7
1941781697	5	0,1,5,6,21	9
3188336449	5	0,1,5,6,21	10
4165229569	5	0,1,5,6,21	12
7817766721	5	0,1,5,6,22	1
7817766721	5	0,1,5,6,22	2
3291724481	5	0,1,5,6,26	12
3291724481	5	0,1,5,6,26	15
2870372737	5	0,1,5,6,27	2
1297511617	5	0,1,5,6,27	7
2870372737	5	0,1,5,6,27	9
1297511617	5	0,1,5,6,27	12
7204192769	5	0,1,5,6,28	4
7204192769	5	0,1,5,6,28	7
5080241857	5	0,1,5,6,28	9
5080241857	5	0,1,5,6,28	10
1499487617	5	0,1,5,7,9	3
1499487617	5	0,1,5,7,9	12
1750277953	5	0,1,5,7,11	1
1750277953	5	0,1,5,7,11	14
1660967617	5	0,1,5,7,12	3
1660967617	5	0,1,5,7,12	4
1261872641	5	0,1,5,7,20	8
1261872641	5	0,1,5,7,20	15
2003887297	5	0,1,5,7,21	1
2003887297	5	0,1,5,7,21	14
1580684929	5	0,1,5,7,28	9
1580684929	5	0,1,5,7,28	14
1119726401	5	0,1,5,7,29	1
1119726401	5	0,1,5,7,29	14
4262885761	5	0,1,5,7,30	1
4262885761	5	0,1,5,7,30	6
2738566849	5	0,1,5,8,12	13
2738566849	5	0,1,5,8,12	14
4191854593	5	0,1,5,8,29	1
4191854593	5	0,1,5,8,29	10
3693023041	5	0,1,5,9,15	3
3693023041	5	0,1,5,9,15	12
2025615041	5	0,1,5,10,11	6
2025615041	5	0,1,5,10,11	13
7700867137	5	0,1,5,10,14	4
7700867137	5	0,1,5,10,14	7
1250447873	5	0,1,5,10,15	5
1250447873	5	0,1,5,10,15	14
2908472641	5	0,1,5,10,20	13
2908472641	5	0,1,5,10,20	14
2412295169	5	0,1,5,11,16	3
2412295169	5	0,1,5,11,16	4
2412295169	5	0,1,5,11,16	8
2412295169	5	0,1,5,11,16	15
1622511361	5	0,1,5,11,18	9
1622511361	5	0,1,5,11,18	14
1803923969	5	0,1,5,11,28	3
1803923969	5	0,1,5,11,28	4
3729188993	5	0,1,5,12,16	8
3729188993	5	0,1,5,12,16	11
2908472641	5	0,1,5,12,19	3
2908472641	5	0,1,5,12,19	8
4169310721	5	0,1,5,12,21	2
4169310721	5	0,1,5,12,21	9
2504482049	5	0,1,5,12,28	9
2504482049	5	0,1,5,12,28	10
1149803329	5	0,1,5,13,17	2
1980328897	5	0,1,5,13,17	4
1980328897	5	0,1,5,13,17	11
1149803329	5	0,1,5,13,17	13
1747047233	5	0,1,5,13,22	9
1747047233	5	0,1,5,13,22	14
1398270529	5	0,1,5,13,23	2
1398270529	5	0,1,5,13,23	13
3180193537	5	0,1,5,13,26	8
3180193537	5	0,1,5,13,26	15
1747047233	5	0,1,5,13,30	3
1747047233	5	0,1,5,13,30	4
4262885761	5	0,1,5,14,15	3
4262885761	5	0,1,5,14,15	8
1385857601	5	0,1,5,14,17	1
1385857601	5	0,1,5,14,17	10
3124473857	5	0,1,5,14,23	7
3124473857	5	0,1,5,14,23	12
1747047233	5	0,1,5,14,25	2
1747047233	5	0,1,5,14,25	9
2286007873	5	0,1,5,14,27	1
2286007873	5	0,1,5,14,27	10
2624020417	5	0,1,5,15,16	1
2624020417	5	0,1,5,15,16	6
2624020417	5	0,1,5,15,16	10
2624020417	5	0,1,5,15,16	13
2837232961	5	0,1,5,15,22	10
2837232961	5	0,1,5,15,22	13
3525947393	5	0,1,5,15,23	3
3525947393	5	0,1,5,15,23	12
4169310721	5	0,1,5,16,20	1
4169310721	5	0,1,5,16,20	2
7817766721	5	0,1,5,16,22	9
7817766721	5	0,1,5,16,22	10
3729188993	5	0,1,5,16,28	0
3729188993	5	0,1,5,16,28	3
3729188993	5	0,1,5,17,20	10
3729188993	5	0,1,5,17,20	13
2025800129	5	0,1,5,17,23	3
2025800129	5	0,1,5,17,23	12
3729188993	5	0,1,5,17,28	9
3729188993	5	0,1,5,17,28	14
4065171137	5	0,1,5,18,19	6
4065171137	5	0,1,5,18,19	13
2155022657	5	0,1,5,18,22	1
2155022657	5	0,1,5,18,22	2
3289367041	5	0,1,5,18,23	4
3289367041	5	0,1,5,18,23	15
3291724481	5	0,1,5,19,20	8
3291724481	5	0,1,5,19,20	15
2135255873	5	0,1,5,19,23	2
2135255873	5	0,1,5,19,23	13
2433845569	5	0,1,5,19,24	3
2433845569	5	0,1,5,19,24	4
8925216449	5	0,1,5,19,24	8
8925216449	5	0,1,5,19,24	15
1398270529	5	0,1,5,19,25	3
1398270529	5	0,1,5,19,25	12
1949480513	5	0,1,5,19,29	0
1949480513	5	0,1,5,19,29	15
2504482049	5	0,1,5,20,21	1
2504482049	5	0,1,5,20,21	10
2738566849	5	0,1,5,20,25	3
2738566849	5	0,1,5,20,25	8
1980328897	5	0,1,5,21,25	1
1149803329	5	0,1,5,21,25	7
1149803329	5	0,1,5,21,25	8
1980328897	5	0,1,5,21,25	14
2504482049	5	0,1,5,21,28	3
2504482049	5	0,1,5,21,28	4
1582598657	5	0,1,5,21,29	1
1582598657	5	0,1,5,21,29	14
1385857601	5	0,1,5,21,30	0
1385857601	5	0,1,5,21,30	7
2837232961	5	0,1,5,22,23	1
2837232961	5	0,1,5,22,23	10
1747047233	5	0,1,5,22,25	1
1747047233	5	0,1,5,22,25	10
1803923969	5	0,1,5,22,26	13
1803923969	5	0,1,5,22,26	14
1803923969	5	0,1,5,22,28	9
1803923969	5	0,1,5,22,28	10
4191854593	5	0,1,5,24,29	4
4191854593	5	0,1,5,24,29	15
1580684929	5	0,1,5,26,28	0
1580684929	5	0,1,5,26,28	3
2785497217	5	0,1,5,26,30	4
2785497217	5	0,1,5,26,30	7
2286007873	5	0,1,5,27,30	0
2286007873	5	0,1,5,27,30	7
4065171137	5	0,1,6,7,12	2
4065171137	5	0,1,6,7,12	7
1083295937	5	0,1,6,7,15	2
1083295937	5	0,1,6,7,15	15
1083295937	5	0,1,6,7,24	9
1083295937	5	0,1,6,7,24	12
4065171137	5	0,1,6,7,27	4
4065171137	5	0,1,6,7,27	9
1866576577	5	0,1,6,7,30	2
1866576577	5	0,1,6,7,30	7
1932869249	5	0,1,6,8,14	2
1932869249	5	0,1,6,8,14	3
1788854657	5	0,1,6,8,14	14
1788854657	5	0,1,6,8,14	15
1119726401	5	0,1,6,8,20	2
1119726401	5	0,1,6,8,20	3
4337074369	5	0,1,6,8,29	1
4337074369	5	0,1,6,8,29	8
1932869249	5	0,1,6,8,30	0
1932869249	5	0,1,6,8,30	1
1788854657	5	0,1,6,8,30	6
1788854657	5	0,1,6,8,30	7
2560041857	5	0,1,6,9,12	9
2560041857	5	0,1,6,9,12	12
1747047233	5	0,1,6,9,13	0
1747047233	5	0,1,6,9,13	13
2709394817	5	0,1,6,9,15	2
2292195137	5	0,1,6,9,15	4
2292195137	5	0,1,6,9,15	9
2709394817	5	0,1,6,9,15	15
1296611009	5	0,1,6,9,24	2
1296611009	5	0,1,6,9,24	7
1679313473	5	0,1,6,9,29	6
1679313473	5	0,1,6,9,29	11
1296611009	5	0,1,6,9,30	3
1296611009	5	0,1,6,9,30	6
2025615041	5	0,1,6,10,11	3
2025615041	5	0,1,6,10,11	10
1119726401	5	0,1,6,10,14	12
1119726401	5	0,1,6,10,14	13
1105734017	5	0,1,6,10,22	14
1105734017	5	0,1,6,10,22	15
7905283201	5	0,1,6,11,17	3
7905283201	5	0,1,6,11,17	14
15181899841	5	0,1,6,11,27	7
15181899841	5	0,1,6,11,27	10
1499487617	5	0,1,6,12,20	12
1499487617	5	0,1,6,12,20	13
1385857601	5	0,1,6,13,17	0
1385857601	5	0,1,6,13,17	13
2785497217	5	0,1,6,13,18	8
2785497217	5	0,1,6,13,18	13
3124473857	5	0,1,6,13,19	3
3124473857	5	0,1,6,13,19	14
7700867137	5	0,1,6,13,20	9
7700867137	5	0,1,6,13,20	12
4262885761	5	0,1,6,13,27	4
4262885761	5	0,1,6,13,27	9
4337074369	5	0,1,6,14,21	3
4337074369	5	0,1,6,14,21	10
1788854657	5	0,1,6,14,24	6
1788854657	5	0,1,6,14,24	7
1932869249	5	0,1,6,14,24	12
1932869249	5	0,1,6,14,24	13
3466209473	5	0,1,6,14,27	3
3466209473	5	0,1,6,14,27	10
1601343937	5	0,1,6,15,23	0
1601343937	5	0,1,6,15,23	13
1264110721	5	0,1,6,15,24	10
1264110721	5	0,1,6,15,24	15
2003887297	5	0,1,6,16,20	6
2003887297	5	0,1,6,16,20	7
1240209601	5	0,1,6,16,23	3
1240209601	5	0,1,6,16,23	10
7905283201	5	0,1,6,16,27	7
7905283201	5	0,1,6,16,27	14
1162540033	5	0,1,6,16,29	1
1162540033	5	0,1,6,16,29	8
4165229569	5	0,1,6,17,21	1
1941781697	5	0,1,6,17,21	6
3188336449	5	0,1,6,17,21	7
3188336449	5	0,1,6,17,21	10
1941781697	5	0,1,6,17,21	11
4165229569	5	0,1,6,17,21	12
7905283201	5	0,1,6,17,27	0
7905283201	5	0,1,6,17,27	13
1385857601	5	0,1,6,17,29	3
1385857601	5	0,1,6,17,29	14
10386168577	5	0,1,6,18,19	1
10386168577	5	0,1,6,18,19	8
1750277953	5	0,1,6,18,20	6
1750277953	5	0,1,6,18,20	7
1580684929	5	0,1,6,18,21	5
1580684929	5	0,1,6,18,21	12
2029795969	5	0,1,6,18,23	1
2029795969	5	0,1,6,18,23	8
1949480513	5	0,1,6,18,26	14
1949480513	5	0,1,6,18,26	15
3466209473	5	0,1,6,19,27	4
3466209473	5	0,1,6,19,27	9
2286007873	5	0,1,6,19,28	1
2286007873	5	0,1,6,19,28	4
1580684929	5	0,1,6,20,21	3
1580684929	5	0,1,6,20,21	10
2135255873	5	0,1,6,20,26	2
2135255873	5	0,1,6,20,26	3
4262885761	5	0,1,6,20,27	3
4262885761	5	0,1,6,20,27	10
1261872641	5	0,1,6,20,29	6
1261872641	5	0,1,6,20,29	15
4337074369	5	0,1,6,21,24	1
4337074369	5	0,1,6,21,24	4
1416056641	5	0,1,6,22,23	1
1416056641	5	0,1,6,22,23	8
15181899841	5	0,1,6,22,27	4
15181899841	5	0,1,6,22,27	13
1162540033	5	0,1,6,22,29	0
1162540033	5	0,1,6,22,29	9
1076442817	5	0,1,6,23,25	7
1076442817	5	0,1,6,23,25	10
2109020929	5	0,1,6,24,29	4
2109020929	5	0,1,6,24,29	13
2433845569	5	0,1,6,25,26	1
2433845569	5	0,1,6,25,26	4
8925216449	5	0,1,6,25,26	10
8925216449	5	0,1,6,25,26	15
2908472641	5	0,1,6,26,29	1
2908472641	5	0,1,6,26,29	8
1398270529	5	0,1,6,26,30	0
1398270529	5	0,1,6,26,30	1
4368968641	5	0,1,7,8,15	4
4368968641	5	0,1,7,8,15	15
1601343937	5	0,1,7,8,18	1
1601343937	5	0,1,7,8,18	2
1601343937	5	0,1,7,8,22	9
1601343937	5	0,1,7,8,22	10
4368968641	5	0,1,7,8,25	7
4368968641	5	0,1,7,8,25	12
2433845569	5	0,1,7,8,27	1
8925216449	5	0,1,7,8,27	4
2433845569	5	0,1,7,8,27	10
8925216449	5	0,1,7,8,27	15
1601343937	5	0,1,7,9,10	10
1601343937	5	0,1,7,9,10	13
2121973697	5	0,1,7,9,16	3
2121973697	5	0,1,7,9,16	4
2121973697	5	0,1,7,9,16	9
2121973697	5	0,1,7,9,16	14
4076771393	5	0,1,7,9,24	0
4076771393	5	0,1,7,9,24	7
1076442817	5	0,1,7,10,15	1
1076442817	5	0,1,7,10,15	10
1240209601	5	0,1,7,10,16	8
1240209601	5	0,1,7,10,16	11
1416056641	5	0,1,7,10,26	4
1416056641	5	0,1,7,10,26	7
2029795969	5	0,1,7,10,30	12
2029795969	5	0,1,7,10,30	15
3693023041	5	0,1,7,11,15	2
3693023041	5	0,1,7,11,15	13
1818401089	5	0,1,7,11,23	0
1818401089	5	0,1,7,11,23	15
2174096129	5	0,1,7,11,25	1
2174096129	5	0,1,7,11,25	14
1803923969	5	0,1,7,11,28	0
1803923969	5	0,1,7,11,28	7
1622511361	5	0,1,7,11,30	8
1622511361	5	0,1,7,11,30	15
2155022657	5	0,1,7,12,21	2
2155022657	5	0,1,7,12,21	9
3289367041	5	0,1,7,12,26	4
3289367041	5	0,1,7,12,26	7
1622511361	5	0,1,7,12,30	0
1622511361	5	0,1,7,12,30	3
1818401089	5	0,1,7,13,17	6
1818401089	5	0,1,7,13,17	9
6010109057	5	0,1,7,13,19	2
6010109057	5	0,1,7,13,19	13
2135255873	5	0,1,7,13,27	6
2135255873	5	0,1,7,13,27	9
1105734017	5	0,1,7,13,29	6
1105734017	5	0,1,7,13,29	9
12266306753	5	0,1,7,14,20	4
12266306753	5	0,1,7,14,20	7
5783474497	5	0,1,7,14,26	9
5783474497	5	0,1,7,14,26	10
2292195137	5	0,1,7,15,26	3
2292195137	5	0,1,7,15,26	4
2709394817	5	0,1,7,15,26	9
2709394817	5	0,1,7,15,26	14
1949480513	5	0,1,7,15,27	0
1949480513	5	0,1,7,15,27	15
1240209601	5	0,1,7,16,26	9
1240209601	5	0,1,7,16,26	10
2025800129	5	0,1,7,17,21	2
2025800129	5	0,1,7,17,21	13
1416056641	5	0,1,7,17,22	1
1416056641	5	0,1,7,17,22	6
1363117121	5	0,1,7,17,25	0
1363117121	5	0,1,7,17,25	15
1240209601	5	0,1,7,17,26	3
1240209601	5	0,1,7,17,26	4
1083295937	5	0,1,7,18,24	8
1083295937	5	0,1,7,18,24	11
1264110721	5	0,1,7,18,25	3
1264110721	5	0,1,7,18,25	8
2709394817	5	0,1,7,18,26	0
2709394817	5	0,1,7,18,26	3
2292195137	5	0,1,7,18,26	9
2292195137	5	0,1,7,18,26	10
6980274881	5	0,1,7,19,20	10
6980274881	5	0,1,7,19,20	13
5783474497	5	0,1,7,19,26	3
5783474497	5	0,1,7,19,26	4
3180193537	5	0,1,7,20,28	12
3180193537	5	0,1,7,20,28	15
2029795969	5	0,1,7,21,22	1
2029795969	5	0,1,7,21,22	6
3289367041	5	0,1,7,21,26	10
3289367041	5	0,1,7,21,26	13
1240209601	5	0,1,7,22,23	3
1240209601	5	0,1,7,22,23	8
1076442817	5	0,1,7,22,30	12
1076442817	5	0,1,7,22,30	15
1416056641	5	0,1,7,23,26	10
1416056641	5	0,1,7,23,26	13
2025615041	5	0,1,7,26,29	3
2025615041	5	0,1,7,26,29	8
2837232961	5	0,1,7,26,30	13
2837232961	5	0,1,7,26,30	14
4076771393	5	0,1,8,9,18	9
4076771393	5	0,1,8,9,18	12
4191854593	5	0,1,8,9,20	9
4191854593	5	0,1,8,9,20	12
4191854593	5	0,1,8,9,21	2
4191854593	5	0,1,8,9,21	15
4076771393	5	0,1,8,9,23	2
4076771393	5	0,1,8,9,23	15
1296611009	5	0,1,8,9,30	2
1296611009	5	0,1,8,9,30	7
2292195137	5	0,1,8,10,11	3
2709394817	5	0,1,8,10,11	4
2292195137	5	0,1,8,10,11	10
2709394817	5	0,1,8,10,11	13
1949480513	5	0,1,8,10,20	8
1949480513	5	0,1,8,10,20	9
1083295937	5	0,1,8,10,23	0
1083295937	5	0,1,8,10,23	9
1076442817	5	0,1,8,10,27	4
1076442817	5	0,1,8,10,27	13
1679313473	5	0,1,8,11,12	10
1679313473	5	0,1,8,11,12	15
1866576577	5	0,1,8,11,18	1
1866576577	5	0,1,8,11,18	4
1296611009	5	0,1,8,11,19	2
1296611009	5	0,1,8,11,19	15
2560041857	5	0,1,8,11,21	3
2560041857	5	0,1,8,11,21	14
1747047233	5	0,1,8,11,28	1
1747047233	5	0,1,8,11,28	4
3180193537	5	0,1,8,12,15	3
3180193537	5	0,1,8,12,15	10
1679313473	5	0,1,8,12,19	4
1679313473	5	0,1,8,12,19	13
1582598657	5	0,1,8,12,24	14
1582598657	5	0,1,8,12,24	15
1980328897	5	0,1,8,12,28	0
1980328897	5	0,1,8,12,28	1
1149803329	5	0,1,8,12,28	12
1149803329	5	0,1,8,12,28	13
4191854593	5	0,1,8,13,25	3
4191854593	5	0,1,8,13,25	14
2738566849	5	0,1,8,13,28	9
2738566849	5	0,1,8,13,28	12
1866576577	5	0,1,8,14,19	7
1866576577	5	0,1,8,14,19	14
1544970433	5	0,1,8,14,21	4
1544970433	5	0,1,8,14,21	13
1296611009	5	0,1,8,14,25	7
1296611009	5	0,1,8,14,25	14
1398270529	5	0,1,8,14,28	8
1398270529	5	0,1,8,14,28	9
3466209473	5	0,1,8,15,18	9
3466209473	5	0,1,8,15,18	12
2560041857	5	0,1,8,15,19	1
2560041857	5	0,1,8,15,19	12
4076771393	5	0,1,8,15,23	3
4076771393	5	0,1,8,15,23	14
6142387969	5	0,1,8,15,25	0
6142387969	5	0,1,8,15,25	13
1264110721	5	0,1,8,15,26	9
1264110721	5	0,1,8,15,26	12
1582598657	5	0,1,8,16,20	4
1582598657	5	0,1,8,16,20	5
1363117121	5	0,1,8,16,26	14
1363117121	5	0,1,8,16,26	15
2121973697	5	0,1,8,17,18	3
2121973697	5	0,1,8,17,18	6
2121973697	5	0,1,8,17,18	10
2121973697	5	0,1,8,17,18	15
3525947393	5	0,1,8,18,22	12
3525947393	5	0,1,8,18,22	13
6142387969	5	0,1,8,18,25	7
6142387969	5	0,1,8,18,25	14
2292195137	5	0,1,8,19,22	9
2709394817	5	0,1,8,19,22	10
2292195137	5	0,1,8,19,22	12
2709394817	5	0,1,8,19,22	15
1296611009	5	0,1,8,19,25	0
1296611009	5	0,1,8,19,25	13
1747047233	5	0,1,8,19,28	3
1747047233	5	0,1,8,19,28	6
4191854593	5	0,1,8,20,25	0
4191854593	5	0,1,8,20,25	9
2109020929	5	0,1,8,21,22	10
2109020929	5	0,1,8,21,22	15
4337074369	5	0,1,8,21,30	10
4337074369	5	0,1,8,21,30	15
2174096129	5	0,1,8,22,26	0
2174096129	5	0,1,8,22,26	1
1544970433	5	0,1,8,22,29	7
1544970433	5	0,1,8,22,29	14
1083295937	5	0,1,8,23,30	1
1083295937	5	0,1,8,23,30	4
6142387969	5	0,1,9,10,18	4
6142387969	5	0,1,9,10,18	7
8925216449	5	0,1,9,10,20	9
8925216449	5	0,1,9,10,20	10
2433845569	5	0,1,9,10,20	12
2433845569	5	0,1,9,10,20	15
8925216449	5	0,1,9,10,22	1
8925216449	5	0,1,9,10,22	2
2433845569	5	0,1,9,10,22	12
2433845569	5	0,1,9,10,22	15
6142387969	5	0,1,9,10,24	4
6142387969	5	0,1,9,10,24	7
1544970433	5	0,1,9,11,12	3
1544970433	5	0,1,9,11,12	4
1398270529	5	0,1,9,11,13	7
1398270529	5	0,1,9,11,13	8
1788854657	5	0,1,9,11,19	2
1932869249	5	0,1,9,11,19	7
1932869249	5	0,1,9,11,19	8
1788854657	5	0,1,9,11,19	13
1866576577	5	0,1,9,11,30	10
1866576577	5	0,1,9,11,30	13
4191854593	5	0,1,9,12,24	9
4191854593	5	0,1,9,12,24	10
4337074369	5	0,1,9,12,27	1
4337074369	5	0,1,9,12,27	10
3180193537	5	0,1,9,13,18	10
3180193537	5	0,1,9,13,18	13
2738566849	5	0,1,9,13,20	11
2738566849	5	0,1,9,13,20	12
1980328897	5	0,1,9,13,29	0
1149803329	5	0,1,9,13,29	3
1149803329	5	0,1,9,13,29	12
1980328897	5	0,1,9,13,29	15
1747047233	5	0,1,9,13,30	9
1747047233	5	0,1,9,13,30	14
2433845569	5	0,1,9,14,28	9
2433845569	5	0,1,9,14,28	10
8925216449	5	0,1,9,14,28	12
8925216449	5	0,1,9,14,28	15
1949480513	5	0,1,9,15,21	3
1949480513	5	0,1,9,15,21	12
1076442817	5	0,1,9,15,22	0
1076442817	5	0,1,9,15,22	7
4368968641	5	0,1,9,15,24	3
4368968641	5	0,1,9,15,24	4
1083295937	5	0,1,9,15,26	11
1083295937	5	0,1,9,15,26	12
1363117121	5	0,1,9,17,23	4
1363117121	5	0,1,9,17,23	11
1582598657	5	0,1,9,17,29	6
1582598657	5	0,1,9,17,29	9
3466209473	5	0,1,9,18,19	4
3466209473	5	0,1,9,18,19	15
4368968641	5	0,1,9,18,24	9
4368968641	5	0,1,9,18,24	10
1264110721	5	0,1,9,18,27	4
1264110721	5	0,1,9,18,27	15
1119726401	5	0,1,9,19,21	4
1119726401	5	0,1,9,19,21	11
1788854657	5	0,1,9,19,27	2
1932869249	5	0,1,9,19,27	7
1932869249	5	0,1,9,19,27	8
1788854657	5	0,1,9,19,27	13
4191854593	5	0,1,9,21,24	3
4191854593	5	0,1,9,21,24	4
1582598657	5	0,1,9,21,25	0
1582598657	5	0,1,9,21,25	15
4076771393	5	0,1,9,24,26	13
4076771393	5	0,1,9,24,26	14
1296611009	5	0,1,9,24,27	6
1296611009	5	0,1,9,24,27	13
1240209601	5	0,1,10,11,26	9
1240209601	5	0,1,10,11,26	12
1416056641	5	0,1,10,11,27	1
1416056641	5	0,1,10,11,27	12
2837232961	5	0,1,10,11,28	1
2837232961	5	0,1,10,11,28	4
3289367041	5	0,1,10,11,30	2
3289367041	5	0,1,10,11,30	7
6980274881	5	0,1,10,12,21	2
6980274881	5	0,1,10,12,21	11
6010109057	5	0,1,10,12,22	2
6010109057	5	0,1,10,12,22	3
1660967617	5	0,1,10,13,14	3
1660967617	5	0,1,10,13,14	6
1622511361	5	0,1,10,13,15	4
1622511361	5	0,1,10,13,15	9
4065171137	5	0,1,10,13,23	4
4065171137	5	0,1,10,13,23	9
2155022657	5	0,1,10,13,30	3
2155022657	5	0,1,10,13,30	6
4262885761	5	0,1,10,14,15	6
4262885761	5	0,1,10,14,15	15
1499487617	5	0,1,10,14,18	2
1499487617	5	0,1,10,14,18	3
1261872641	5	0,1,10,14,21	4
1261872641	5	0,1,10,14,21	13
2135255873	5	0,1,10,14,28	6
2135255873	5	0,1,10,14,28	7
1580684929	5	0,1,10,14,29	6
1580684929	5	0,1,10,14,29	15
2003887297	5	0,1,10,14,30	14
2003887297	5	0,1,10,14,30	15
1866576577	5	0,1,10,15,23	0
1866576577	5	0,1,10,15,23	13
2029795969	5	0,1,10,15,27	1
2029795969	5	0,1,10,15,27	12
3289367041	5	0,1,10,15,28	10
3289367041	5	0,1,10,15,28	15
1363117121	5	0,1,10,16,24	10
1363117121	5	0,1,10,16,24	11
2025800129	5	0,1,10,16,28	8
2025800129	5	0,1,10,16,28	9
2121973697	5	0,1,10,17,18	3
2121973697	5	0,1,10,17,18	6
2121973697	5	0,1,10,17,18	8
2121973697	5	0,1,10,17,18	13
1240209601	5	0,1,10,17,27	4
1240209601	5	0,1,10,17,27	9
3466209473	5	0,1,10,18,19	1
3466209473	5	0,1,10,18,19	8
1866576577	5	0,1,10,18,23	7
1866576577	5	0,1,10,18,23	14
4076771393	5	0,1,10,18,25	0
4076771393	5	0,1,10,18,25	9
1601343937	5	0,1,10,18,27	7
1601343937	5	0,1,10,18,27	14
3525947393	5	0,1,10,18,28	8
3525947393	5	0,1,10,18,28	9
3124473857	5	0,1,10,19,28	8
3124473857	5	0,1,10,19,28	13
10386168577	5	0,1,10,19,29	4
10386168577	5	0,1,10,19,29	9
2135255873	5	0,1,10,20,22	10
2135255873	5	0,1,10,20,22	11
4065171137	5	0,1,10,20,23	3
4065171137	5	0,1,10,20,23	10
1398270529	5	0,1,10,20,28	6
1398270529	5	0,1,10,20,28	7
3291724481	5	0,1,10,20,29	4
3291724481	5	0,1,10,20,29	13
3180193537	5	0,1,10,21,29	0
3180193537	5	0,1,10,21,29	13
1818401089	5	0,1,10,22,26	14
1818401089	5	0,1,10,22,26	15
1083295937	5	0,1,10,23,25	3
1083295937	5	0,1,10,23,25	14
2025800129	5	0,1,10,26,30	6
2025800129	5	0,1,10,26,30	7
1315188097	5	0,1,11,12,22	1
1315188097	5	0,1,11,12,22	2
1315188097	5	0,1,11,12,22	9
1315188097	5	0,1,11,12,22	10
2109020929	5	0,1,11,12,25	4
2109020929	5	0,1,11,12,25	15
2029795969	5	0,1,11,12,26	1
2029795969	5	0,1,11,12,26	2
2785497217	5	0,1,11,13,20	0
2785497217	5	0,1,11,13,20	7
3124473857	5	0,1,11,13,22	0
3124473857	5	0,1,11,13,22	7
2135255873	5	0,1,11,13,23	4
2135255873	5	0,1,11,13,23	11
2025800129	5	0,1,11,13,29	7
2025800129	5	0,1,11,13,29	8
2837232961	5	0,1,11,13,30	1
2837232961	5	0,1,11,13,30	6
1083295937	5	0,1,11,14,19	7
1083295937	5	0,1,11,14,19	12
1264110721	5	0,1,11,14,22	4
1264110721	5	0,1,11,14,22	7
2292195137	5	0,1,11,14,25	3
2709394817	5	0,1,11,14,25	4
2292195137	5	0,1,11,14,25	8
2709394817	5	0,1,11,14,25	15
2624020417	5	0,1,11,15,16	3
2624020417	5	0,1,11,15,16	4
2624020417	5	0,1,11,15,16	10
2624020417	5	0,1,11,15,16	13
4262885761	5	0,1,11,15,18	0
4262885761	5	0,1,11,15,18	7
1250447873	5	0,1,11,15,22	10
1250447873	5	0,1,11,15,22	13
3525947393	5	0,1,11,15,25	7
3525947393	5	0,1,11,15,25	8
2155022657	5	0,1,11,15,28	1
2155022657	5	0,1,11,15,28	6
1416056641	5	0,1,11,16,26	1
1416056641	5	0,1,11,16,26	2
7817766721	5	0,1,11,17,28	3
7817766721	5	0,1,11,17,28	4
2003887297	5	0,1,11,17,29	6
2003887297	5	0,1,11,17,29	9
1250447873	5	0,1,11,18,22	4
1250447873	5	0,1,11,18,22	7
1076442817	5	0,1,11,18,24	13
1076442817	5	0,1,11,18,24	14
2837232961	5	0,1,11,18,28	4
2837232961	5	0,1,11,18,28	7
3289367041	5	0,1,11,18,29	3
3289367041	5	0,1,11,18,29	8
1622511361	5	0,1,11,18,30	9
1622511361	5	0,1,11,18,30	10
1264110721	5	0,1,11,19,22	10
1264110721	5	0,1,11,19,22	13
3124473857	5	0,1,11,20,22	13
3124473857	5	0,1,11,20,22	14
1747047233	5	0,1,11,20,28	0
1747047233	5	0,1,11,20,28	3
4262885761	5	0,1,11,20,30	4
4262885761	5	0,1,11,20,30	7
6010109057	5	0,1,11,21,23	6
6010109057	5	0,1,11,21,23	9
1105734017	5	0,1,11,23,27	0
1105734017	5	0,1,11,23,27	15
1076442817	5	0,1,11,25,30	10
1076442817	5	0,1,11,25,30	13
1580684929	5	0,1,12,13,27	4
1580684929	5	0,1,12,13,27	9
2504482049	5	0,1,12,13,28	1
2504482049	5	0,1,12,13,28	4
3729188993	5	0,1,12,13,29	4
3729188993	5	0,1,12,13,29	9
1803923969	5	0,1,12,13,30	1
1803923969	5	0,1,12,13,30	4
1105734017	5	0,1,12,14,16	12
1105734017	5	0,1,12,14,16	13
1119726401	5	0,1,12,14,24	10
1119726401	5	0,1,12,14,24	11
10386168577	5	0,1,12,15,18	9
10386168577	5	0,1,12,15,18	12
2785497217	5	0,1,12,15,21	4
2785497217	5	0,1,12,15,21	9
1580684929	5	0,1,12,15,27	5
1580684929	5	0,1,12,15,27	8
3291724481	5	0,1,12,15,29	1
3291724481	5	0,1,12,15,29	12
1385857601	5	0,1,12,16,19	4
1385857601	5	0,1,12,16,19	13
2025800129	5	0,1,12,16,26	6
2025800129	5	0,1,12,16,26	7
4165229569	5	0,1,12,16,27	1
1941781697	5	0,1,12,16,27	2
3188336449	5	0,1,12,16,27	4
4165229569	5	0,1,12,16,27	8
1941781697	5	0,1,12,16,27	11
3188336449	5	0,1,12,16,27	13
1162540033	5	0,1,12,17,19	7
1162540033	5	0,1,12,17,19	10
2504482049	5	0,1,12,17,29	2
2504482049	5	0,1,12,17,29	15
2785497217	5	0,1,12,18,21	3
2785497217	5	0,1,12,18,21	10
1949480513	5	0,1,12,18,24	8
1949480513	5	0,1,12,18,24	9
1660967617	5	0,1,12,18,29	4
1660967617	5	0,1,12,18,29	13
1750277953	5	0,1,12,18,30	8
1750277953	5	0,1,12,18,30	9
1261872641	5	0,1,12,19,23	7
1261872641	5	0,1,12,19,23	10
1544970433	5	0,1,12,19,25	7
1544970433	5	0,1,12,19,25	10
4337074369	5	0,1,12,19,27	4
4337074369	5	0,1,12,19,27	9
3693023041	5	0,1,12,20,30	6
3693023041	5	0,1,12,20,30	7
6980274881	5	0,1,12,21,23	6
6980274881	5	0,1,12,21,23	11
2155022657	5	0,1,12,21,26	3
2155022657	5	0,1,12,21,26	6
4169310721	5	0,1,12,21,28	3
4169310721	5	0,1,12,21,28	6
2738566849	5	0,1,12,21,29	3
2738566849	5	0,1,12,21,29	14
1479358081	5	0,1,12,21,30	3
1479358081	5	0,1,12,21,30	6
2560041857	5	0,1,12,22,25	0
2560041857	5	0,1,12,22,25	9
2908472641	5	0,1,12,22,29	0
2908472641	5	0,1,12,22,29	9
2174096129	5	0,1,12,22,30	8
2174096129	5	0,1,12,22,30	9
2003887297	5	0,1,12,26,28	0
2003887297	5	0,1,12,26,28	1
1818401089	5	0,1,12,28,30	0
1818401089	5	0,1,12,28,30	1
6980274881	5	0,1,13,14,26	4
6980274881	5	0,1,13,14,26	7
3291724481	5	0,1,13,14,28	12
3291724481	5	0,1,13,14,28	15
1941781697	5	0,1,13,14,29	1
3188336449	5	0,1,13,14,29	2
4165229569	5	0,1,13,14,29	4
3188336449	5	0,1,13,14,29	9
1941781697	5	0,1,13,14,29	10
4165229569	5	0,1,13,14,29	15
7817766721	5	0,1,13,14,30	1
7817766721	5	0,1,13,14,30	2
2412295169	5	0,1,13,15,16	3
2412295169	5	0,1,13,15,16	4
2412295169	5	0,1,13,15,16	8
2412295169	5	0,1,13,15,16	15
1750277953	5	0,1,13,15,27	2
1750277953	5	0,1,13,15,27	13
4169310721	5	0,1,13,16,20	13
4169310721	5	0,1,13,16,20	14
3729188993	5	0,1,13,16,28	4
3729188993	5	0,1,13,16,28	7
7817766721	5	0,1,13,16,30	9
7817766721	5	0,1,13,16,30	10
4169310721	5	0,1,13,17,20	0
4169310721	5	0,1,13,17,20	7
1582598657	5	0,1,13,17,25	5
1582598657	5	0,1,13,17,25	10
2003887297	5	0,1,13,17,27	2
2003887297	5	0,1,13,17,27	13
4169310721	5	0,1,13,17,28	1
4169310721	5	0,1,13,17,28	6
10386168577	5	0,1,13,18,19	4
10386168577	5	0,1,13,18,19	15
1803923969	5	0,1,13,18,30	13
1803923969	5	0,1,13,18,30	14
12266306753	5	0,1,13,19,26	10
12266306753	5	0,1,13,19,26	13
2785497217	5	0,1,13,20,22	13
2785497217	5	0,1,13,20,22	14
2738566849	5	0,1,13,20,24	8
2738566849	5	0,1,13,20,24	11
7700867137	5	0,1,13,20,27	3
7700867137	5	0,1,13,20,27	8
2155022657	5	0,1,13,20,30	13
2155022657	5	0,1,13,20,30	14
1499487617	5	0,1,13,21,27	7
1499487617	5	0,1,13,21,27	8
1385857601	5	0,1,13,22,29	6
1385857601	5	0,1,13,22,29	13
1949480513	5	0,1,13,23,25	3
1949480513	5	0,1,13,23,25	12
2908472641	5	0,1,13,23,28	0
2908472641	5	0,1,13,23,28	7
1119726401	5	0,1,13,25,27	6
1119726401	5	0,1,13,25,27	9
1261872641	5	0,1,13,26,28	12
1261872641	5	0,1,13,26,28	15
4065171137	5	0,1,14,15,28	2
4065171137	5	0,1,14,15,28	7
7905283201	5	0,1,14,15,30	10
7905283201	5	0,1,14,15,30	15
1162540033	5	0,1,14,16,21	4
1162540033	5	0,1,14,16,21	13
1385857601	5	0,1,14,17,21	7
1385857601	5	0,1,14,17,21	10
4165229569	5	0,1,14,17,29	0
3188336449	5	0,1,14,17,29	6
1941781697	5	0,1,14,17,29	7
1941781697	5	0,1,14,17,29	10
3188336449	5	0,1,14,17,29	11
4165229569	5	0,1,14,17,29	13
2560041857	5	0,1,14,18,25	1
2560041857	5	0,1,14,18,25	8
1083295937	5	0,1,14,19,22	8
1083295937	5	0,1,14,19,22	13
1866576577	5	0,1,14,19,25	0
1866576577	5	0,1,14,19,25	13
6010109057	5	0,1,14,20,26	6
6010109057	5	0,1,14,20,26	7
3124473857	5	0,1,14,20,27	0
3124473857	5	0,1,14,20,27	9
1679313473	5	0,1,14,21,25	7
1679313473	5	0,1,14,21,25	10
2908472641	5	0,1,14,21,28	9
2908472641	5	0,1,14,21,28	12
1162540033	5	0,1,14,21,30	9
1162540033	5	0,1,14,21,30	12
1788854657	5	0,1,14,22,24	6
1788854657	5	0,1,14,22,24	7
1932869249	5	0,1,14,22,24	12
1932869249	5	0,1,14,22,24	13
1296611009	5	0,1,14,22,25	6
1296611009	5	0,1,14,22,25	15
4337074369	5	0,1,14,22,29	0
4337074369	5	0,1,14,22,29	9
4337074369	5	0,1,14,24,29	6
4337074369	5	0,1,14,24,29	15
15181899841	5	0,1,15,16,30	4
15181899841	5	0,1,15,16,30	7
10386168577	5	0,1,15,18,21	3
10386168577	5	0,1,15,18,21	8
4262885761	5	0,1,15,18,22	13
4262885761	5	0,1,15,18,22	14
3466209473	5	0,1,15,18,25	3
3466209473	5	0,1,15,18,25	8
4065171137	5	0,1,15,18,29	0
4065171137	5	0,1,15,18,29	11
1297511617	5	0,1,15,18,30	0
1297511617	5	0,1,15,18,30	3
2870372737	5	0,1,15,18,30	5
2870372737	5	0,1,15,18,30	6
1499487617	5	0,1,15,19,23	6
1499487617	5	0,1,15,19,23	9
3180193537	5	0,1,15,20,24	4
3180193537	5	0,1,15,20,24	7
2785497217	5	0,1,15,20,27	7
2785497217	5	0,1,15,20,27	12
1866576577	5	0,1,15,22,25	1
1866576577	5	0,1,15,22,25	10
1622511361	5	0,1,15,22,28	0
1622511361	5	0,1,15,22,28	3
2560041857	5	0,1,15,24,29	7
2560041857	5	0,1,15,24,29	12
2534721281	5	0,1,15,24,30	12
2534721281	5	0,1,15,24,30	15
1499487617	5	0,1,15,25,29	7
1499487617	5	0,1,15,25,29	8
1385857601	5	0,1,16,19,28	1
1385857601	5	0,1,16,19,28	4
1818401089	5	0,1,16,20,26	2
1818401089	5	0,1,16,20,26	3
1385857601	5	0,1,16,20,27	7
1385857601	5	0,1,16,20,27	14
1149803329	5	0,1,16,20,28	6
1149803329	5	0,1,16,20,28	7
1980328897	5	0,1,16,20,28	10
1980328897	5	0,1,16,20,28	11
2504482049	5	0,1,16,20,29	3
2504482049	5	0,1,16,20,29	10
1162540033	5	0,1,16,21,30	8
1162540033	5	0,1,16,21,30	13
7905283201	5	0,1,16,22,27	0
7905283201	5	0,1,16,22,27	9
1162540033	5	0,1,16,22,29	3
1162540033	5	0,1,16,22,29	10
1105734017	5	0,1,16,28,30	0
1105734017	5	0,1,16,28,30	1
1105734017	5	0,1,17,19,21	7
1105734017	5	0,1,17,19,21	8
1416056641	5	0,1,17,19,30	11
1416056641	5	0,1,17,19,30	12
4169310721	5	0,1,17,20,29	1
4169310721	5	0,1,17,20,29	10
2624020417	5	0,1,17,20,30	0
2624020417	5	0,1,17,20,30	3
2624020417	5	0,1,17,20,30	9
2624020417	5	0,1,17,20,30	10
3729188993	5	0,1,17,21,28	11
3729188993	5	0,1,17,21,28	12
1149803329	5	0,1,17,21,29	5
1980328897	5	0,1,17,21,29	6
1980328897	5	0,1,17,21,29	9
1149803329	5	0,1,17,21,29	10
2412295169	5	0,1,17,22,28	9
2412295169	5	0,1,17,22,28	10
2412295169	5	0,1,17,22,28	12
2412295169	5	0,1,17,22,28	15
1240209601	5	0,1,17,23,26	11
1240209601	5	0,1,17,23,26	12
1818401089	5	0,1,17,23,29	6
1818401089	5	0,1,17,23,29	9
2121973697	5	0,1,17,24,26	0
2121973697	5	0,1,17,24,26	3
2121973697	5	0,1,17,24,26	9
2121973697	5	0,1,17,24,26	10
1622511361	5	0,1,18,20,23	3
1622511361	5	0,1,18,20,23	10
3180193537	5	0,1,18,21,25	4
3180193537	5	0,1,18,21,25	9
3693023041	5	0,1,18,22,26	6
3693023041	5	0,1,18,22,26	7
1076442817	5	0,1,18,23,26	1
1076442817	5	0,1,18,23,26	4
1250447873	5	0,1,18,23,28	0
1250447873	5	0,1,18,23,28	5
1622511361	5	0,1,18,23,29	4
1622511361	5	0,1,18,23,29	9
2292195137	5	0,1,18,24,27	3
2709394817	5	0,1,18,24,27	6
2292195137	5	0,1,18,24,27	10
2709394817	5	0,1,18,24,27	15
3693023041	5	0,1,18,24,28	8
3693023041	5	0,1,18,24,28	9
1601343937	5	0,1,19,22,30	5
1601343937	5	0,1,19,22,30	6
1119726401	5	0,1,19,23,27	7
1119726401	5	0,1,19,23,27	8
7700867137	5	0,1,19,23,28	10
7700867137	5	0,1,19,23,28	13
1750277953	5	0,1,19,23,29	0
1750277953	5	0,1,19,23,29	15
1076442817	5	0,1,19,24,30	0
1076442817	5	0,1,19,24,30	3
1788854657	5	0,1,19,25,27	0
1932869249	5	0,1,19,25,27	6
1932869249	5	0,1,19,25,27	9
1788854657	5	0,1,19,25,27	15
1398270529	5	0,1,20,22,24	12
1398270529	5	0,1,20,22,24	13
3525947393	5	0,1,20,22,30	6
3525947393	5	0,1,20,22,30	7
1747047233	5	0,1,20,24,27	7
1747047233	5	0,1,20,24,27	14
2560041857	5	0,1,21,24,27	3
2560041857	5	0,1,21,24,27	8
2109020929	5	0,1,21,24,30	9
2109020929	5	0,1,21,24,30	10
2738566849	5	0,1,21,25,28	0
2738566849	5	0,1,21,25,28	7
1660967617	5	0,1,21,26,28	9
1660967617	5	0,1,21,26,28	10
1750277953	5	0,1,22,26,28	0
1750277953	5	0,1,22,26,28	1
1479358081	5	0,1,22,26,29	3
1479358081	5	0,1,22,26,29	10
2534721281	5	0,1,22,27,30	8
2534721281	5	0,1,22,27,30	13
3693023041	5	0,1,23,25,29	7
3693023041	5	0,1,23,25,29	8
1499487617	5	0,1,24,26,28	8
1499487617	5	0,1,24,26,28	9
3525947393	5	0,1,24,26,30	6
3525947393	5	0,1,24,26,30	7
2433845569	5	0,1,25,28,30	0
2433845569	5	0,1,25,28,30	3
8925216449	5	0,1,25,28,30	9
8925216449	5	0,1,25,28,30	10
2135255873	5	0,1,26,28,30	0
2135255873	5	0,1,26,28,30	1
2135255873	5	0,2,4,6,15	2
2135255873	5	0,2,4,6,15	10
6010109057	5	0,2,4,6,17	2
6010109057	5	0,2,4,6,17	10
6010109057	5	0,2,4,6,21	1
6010109057	5	0,2,4,6,21	9
2135255873	5	0,2,4,6,23	1
2135255873	5	0,2,4,6,23	9
4065171137	5	0,2,4,7,9	4
4065171137	5	0,2,4,7,9	8
2908472641	5	0,2,4,7,19	7
2908472641	5	0,2,4,7,19	11
1398270529	5	0,2,4,7,24	11
1398270529	5	0,2,4,7,24	15
3291724481	5	0,2,4,7,27	2
3291724481	5	0,2,4,7,27	14
1949480513	5	0,2,4,7,28	10
1949480513	5	0,2,4,7,28	14
1949480513	5	0,2,4,8,13	6
1949480513	5	0,2,4,8,13	14
1499487617	5	0,2,4,8,25	7
1499487617	5	0,2,4,8,25	15
1949480513	5	0,2,4,8,29	7
1949480513	5	0,2,4,8,29	15
2560041857	5	0,2,4,9,17	2
2560041857	5	0,2,4,9,17	14
3291724481	5	0,2,4,9,29	3
3291724481	5	0,2,4,9,29	15
2174096129	5	0,2,4,10,17	2
2174096129	5	0,2,4,10,17	10
4065171137	5	0,2,4,11,13	1
4065171137	5	0,2,4,11,13	13
3291724481	5	0,2,4,11,23	7
3291724481	5	0,2,4,11,23	11
1499487617	5	0,2,4,11,28	10
1499487617	5	0,2,4,11,28	14
1398270529	5	0,2,4,12,29	6
1398270529	5	0,2,4,12,29	14
8925216449	5	0,2,4,13,21	2
2433845569	5	0,2,4,13,21	7
2433845569	5	0,2,4,13,21	11
8925216449	5	0,2,4,13,21	14
3291724481	5	0,2,4,13,25	6
3291724481	5	0,2,4,13,25	10
1818401089	5	0,2,4,15,20	10
1818401089	5	0,2,4,15,20	14
8925216449	5	0,2,4,15,23	3
2433845569	5	0,2,4,15,23	6
2433845569	5	0,2,4,15,23	10
8925216449	5	0,2,4,15,23	15
1818401089	5	0,2,4,16,21	7
1818401089	5	0,2,4,16,21	15
1315188097	5	0,2,4,17,19	6
1315188097	5	0,2,4,17,19	7
1315188097	5	0,2,4,17,19	10
1315188097	5	0,2,4,17,19	11
2908472641	5	0,2,4,17,29	6
2908472641	5	0,2,4,17,29	10
2174096129	5	0,2,4,19,26	3
2174096129	5	0,2,4,19,26	7
2560041857	5	0,2,4,19,27	3
2560041857	5	0,2,4,19,27	15
4065171137	5	0,2,4,23,25	1
4065171137	5	0,2,4,23,25	13
1949480513	5	0,2,4,23,28	11
1949480513	5	0,2,4,23,28	15
4065171137	5	0,2,4,27,29	4
4065171137	5	0,2,4,27,29	8
1083295937	5	0,2,5,7,13	2
1083295937	5	0,2,5,7,13	12
1866576577	5	0,2,5,7,15	7
1866576577	5	0,2,5,7,15	9
1866576577	5	0,2,5,7,24	2
1866576577	5	0,2,5,7,24	4
1083295937	5	0,2,5,7,26	9
1083295937	5	0,2,5,7,26	15
1264110721	5	0,2,5,8,11	7
1264110721	5	0,2,5,8,11	13
2174096129	5	0,2,5,8,14	12
2174096129	5	0,2,5,8,14	14
1363117121	5	0,2,5,8,16	9
1363117121	5	0,2,5,8,16	11
4368968641	5	0,2,5,8,29	7
4368968641	5	0,2,5,8,29	13
1660967617	5	0,2,5,9,12	8
1660967617	5	0,2,5,9,12	14
1622511361	5	0,2,5,9,15	7
1622511361	5	0,2,5,9,15	9
2155022657	5	0,2,5,9,28	0
2155022657	5	0,2,5,9,28	6
4076771393	5	0,2,5,10,13	4
4076771393	5	0,2,5,10,13	14
1363117121	5	0,2,5,10,18	12
1363117121	5	0,2,5,10,18	14
6142387969	5	0,2,5,10,29	0
6142387969	5	0,2,5,10,29	10
1083295937	5	0,2,5,11,13	3
1083295937	5	0,2,5,11,13	13
1601343937	5	0,2,5,11,29	4
1601343937	5	0,2,5,11,29	10
1750277953	5	0,2,5,12,14	8
1750277953	5	0,2,5,12,14	10
4262885761	5	0,2,5,12,15	2
4262885761	5	0,2,5,12,15	8
7700867137	5	0,2,5,12,17	4
7700867137	5	0,2,5,12,17	14
1119726401	5	0,2,5,12,20	0
1119726401	5	0,2,5,12,20	2
2135255873	5	0,2,5,12,22	0
2135255873	5	0,2,5,12,22	2
1499487617	5	0,2,5,12,24	12
1499487617	5	0,2,5,12,24	14
1580684929	5	0,2,5,12,25	0
1580684929	5	0,2,5,12,25	10
2003887297	5	0,2,5,12,28	8
2003887297	5	0,2,5,12,28	10
4076771393	5	0,2,5,13,24	1
4076771393	5	0,2,5,13,24	7
1479358081	5	0,2,5,14,17	2
1479358081	5	0,2,5,14,17	8
1818401089	5	0,2,5,14,18	1
1818401089	5	0,2,5,14,18	3
1803923969	5	0,2,5,14,25	3
1803923969	5	0,2,5,14,25	9
3693023041	5	0,2,5,14,26	8
3693023041	5	0,2,5,14,26	10
1250447873	5	0,2,5,15,17	6
1250447873	5	0,2,5,15,17	8
2029795969	5	0,2,5,15,19	7
2029795969	5	0,2,5,15,19	9
3289367041	5	0,2,5,15,22	10
3289367041	5	0,2,5,15,22	12
1076442817	5	0,2,5,15,23	7
1076442817	5	0,2,5,15,23	9
1416056641	5	0,2,5,16,23	0
1416056641	5	0,2,5,16,23	10
2025800129	5	0,2,5,16,28	4
2025800129	5	0,2,5,16,28	6
7204192769	5	0,2,5,17,20	1
7204192769	5	0,2,5,17,20	7
5080241857	5	0,2,5,17,20	11
5080241857	5	0,2,5,17,20	13
2025800129	5	0,2,5,18,22	1
2025800129	5	0,2,5,18,22	3
1240209601	5	0,2,5,18,23	5
1240209601	5	0,2,5,18,23	15
1240209601	5	0,2,5,19,21	1
1240209601	5	0,2,5,19,21	15
1601343937	5	0,2,5,19,24	2
1601343937	5	0,2,5,19,24	4
1076442817	5	0,2,5,19,26	0
1076442817	5	0,2,5,19,26	6
2121973697	5	0,2,5,21,24	8
2121973697	5	0,2,5,21,24	11
2121973697	5	0,2,5,21,24	13
2121973697	5	0,2,5,21,24	14
3525947393	5	0,2,5,22,24	1
3525947393	5	0,2,5,22,24	3
2785497217	5	0,2,5,22,25	1
2785497217	5	0,2,5,22,25	11
3124473857	5	0,2,5,22,27	3
3124473857	5	0,2,5,22,27	9
2029795969	5	0,2,5,23,28	8
2029795969	5	0,2,5,23,28	14
1601343937	5	0,2,5,23,29	4
1601343937	5	0,2,5,23,29	10
3466209473	5	0,2,5,24,27	1
3466209473	5	0,2,5,24,27	11
6142387969	5	0,2,5,24,29	4
6142387969	5	0,2,5,24,29	14
10386168577	5	0,2,5,25,27	1
10386168577	5	0,2,5,25,27	15
4368968641	5	0,2,5,26,29	7
4368968641	5	0,2,5,26,29	13
3525947393	5	0,2,6,8,15	2
3525947393	5	0,2,6,8,15	10
3525947393	5	0,2,6,8,25	1
3525947393	5	0,2,6,8,25	9
2155022657	5	0,2,6,9,13	1
2155022657	5	0,2,6,9,13	13
2837232961	5	0,2,6,9,15	3
2837232961	5	0,2,6,9,15	15
2624020417	5	0,2,6,9,25	0
2624020417	5	0,2,6,9,25	7
2624020417	5	0,2,6,9,25	11
2624020417	5	0,2,6,9,25	12
1119726401	5	0,2,6,10,23	1
1119726401	5	0,2,6,10,23	9
3693023041	5	0,2,6,10,25	1
3693023041	5	0,2,6,10,25	9
2785497217	5	0,2,6,11,15	2
2785497217	5	0,2,6,11,15	14
10386168577	5	0,2,6,11,17	4
10386168577	5	0,2,6,11,17	8
1660967617	5	0,2,6,11,23	0
1660967617	5	0,2,6,11,23	12
1750277953	5	0,2,6,11,28	3
1750277953	5	0,2,6,11,28	7
2029795969	5	0,2,6,11,29	0
2029795969	5	0,2,6,11,29	12
3289367041	5	0,2,6,13,15	1
3289367041	5	0,2,6,13,15	13
2025800129	5	0,2,6,13,18	9
2025800129	5	0,2,6,13,18	13
2003887297	5	0,2,6,13,22	3
2003887297	5	0,2,6,13,22	7
2029795969	5	0,2,6,13,27	3
2029795969	5	0,2,6,13,27	15
3124473857	5	0,2,6,15,17	6
3124473857	5	0,2,6,15,17	10
2025800129	5	0,2,6,15,22	10
2025800129	5	0,2,6,15,22	14
1398270529	5	0,2,6,15,26	0
1398270529	5	0,2,6,15,26	4
12266306753	5	0,2,6,17,19	1
12266306753	5	0,2,6,17,19	13
6980274881	5	0,2,6,17,21	1
6980274881	5	0,2,6,17,21	13
2003887297	5	0,2,6,18,23	1
2003887297	5	0,2,6,18,23	9
2025800129	5	0,2,6,18,29	2
2025800129	5	0,2,6,18,29	10
5783474497	5	0,2,6,19,21	6
5783474497	5	0,2,6,19,21	10
7700867137	5	0,2,6,19,23	4
7700867137	5	0,2,6,19,23	8
1250447873	5	0,2,6,19,25	3
1250447873	5	0,2,6,19,25	15
2003887297	5	0,2,6,22,29	4
2003887297	5	0,2,6,22,29	12
4262885761	5	0,2,6,23,25	1
4262885761	5	0,2,6,23,25	13
1580684929	5	0,2,6,23,27	1
1580684929	5	0,2,6,23,27	13
1750277953	5	0,2,6,23,28	9
1750277953	5	0,2,6,23,28	13
2155022657	5	0,2,6,25,29	2
2155022657	5	0,2,6,25,29	14
1297511617	5	0,2,7,9,14	1
2870372737	5	0,2,7,9,14	2
2870372737	5	0,2,7,9,14	4
1297511617	5	0,2,7,9,14	7
15181899841	5	0,2,7,9,16	9
15181899841	5	0,2,7,9,16	15
7905283201	5	0,2,7,9,18	10
7905283201	5	0,2,7,9,18	12
7905283201	5	0,2,7,9,23	1
7905283201	5	0,2,7,9,23	15
15181899841	5	0,2,7,9,25	2
15181899841	5	0,2,7,9,25	12
1297511617	5	0,2,7,9,27	4
2870372737	5	0,2,7,9,27	7
2870372737	5	0,2,7,9,27	9
1297511617	5	0,2,7,9,27	10
10386168577	5	0,2,7,9,29	1
10386168577	5	0,2,7,9,29	15
4337074369	5	0,2,7,10,19	3
4337074369	5	0,2,7,10,19	9
1788854657	5	0,2,7,10,24	0
1788854657	5	0,2,7,10,24	2
1932869249	5	0,2,7,10,24	9
1932869249	5	0,2,7,10,24	11
3466209473	5	0,2,7,10,29	1
3466209473	5	0,2,7,10,29	11
3188336449	5	0,2,7,11,23	0
1941781697	5	0,2,7,11,23	2
4165229569	5	0,2,7,11,23	7
4165229569	5	0,2,7,11,23	9
1941781697	5	0,2,7,11,23	12
3188336449	5	0,2,7,11,23	14
4337074369	5	0,2,7,11,26	1
4337074369	5	0,2,7,11,26	7
4165229569	5	0,2,7,11,27	0
1941781697	5	0,2,7,11,27	3
3188336449	5	0,2,7,11,27	7
3188336449	5	0,2,7,11,27	9
1941781697	5	0,2,7,11,27	13
4165229569	5	0,2,7,11,27	14
1580684929	5	0,2,7,11,28	1
1580684929	5	0,2,7,11,28	7
12266306753	5	0,2,7,12,17	2
12266306753	5	0,2,7,12,17	8
6010109057	5	0,2,7,12,22	12
6010109057	5	0,2,7,12,22	14
6980274881	5	0,2,7,12,27	0
6980274881	5	0,2,7,12,27	10
3124473857	5	0,2,7,12,29	3
3124473857	5	0,2,7,12,29	9
2292195137	5	0,2,7,13,15	1
2709394817	5	0,2,7,13,15	6
2709394817	5	0,2,7,13,15	8
2292195137	5	0,2,7,13,15	15
1601343937	5	0,2,7,13,21	7
1601343937	5	0,2,7,13,21	9
1264110721	5	0,2,7,13,26	0
1264110721	5	0,2,7,13,26	6
2286007873	5	0,2,7,14,17	6
2286007873	5	0,2,7,14,17	12
1479358081	5	0,2,7,14,19	4
1479358081	5	0,2,7,14,19	14
7204192769	5	0,2,7,14,27	0
5080241857	5	0,2,7,14,27	3
5080241857	5	0,2,7,14,27	9
7204192769	5	0,2,7,14,27	10
1679313473	5	0,2,7,15,19	0
1679313473	5	0,2,7,15,19	14
1296611009	5	0,2,7,15,24	0
1296611009	5	0,2,7,15,24	6
1296611009	5	0,2,7,15,26	10
1296611009	5	0,2,7,15,26	12
1162540033	5	0,2,7,16,19	1
1162540033	5	0,2,7,16,19	11
1105734017	5	0,2,7,16,20	0
1105734017	5	0,2,7,16,20	2
1416056641	5	0,2,7,16,21	1
1416056641	5	0,2,7,16,21	11
7817766721	5	0,2,7,16,27	3
7817766721	5	0,2,7,16,27	9
5783474497	5	0,2,7,17,22	1
5783474497	5	0,2,7,17,22	7
2534721281	5	0,2,7,17,25	0
2534721281	5	0,2,7,17,25	14
1240209601	5	0,2,7,18,21	0
1240209601	5	0,2,7,18,21	10
7817766721	5	0,2,7,18,27	3
7817766721	5	0,2,7,18,27	9
1385857601	5	0,2,7,19,23	2
1385857601	5	0,2,7,19,23	12
1544970433	5	0,2,7,19,24	8
1544970433	5	0,2,7,19,24	14
2109020929	5	0,2,7,19,26	9
2109020929	5	0,2,7,19,26	15
2025615041	5	0,2,7,20,25	4
2025615041	5	0,2,7,20,25	14
5080241857	5	0,2,7,20,27	3
7204192769	5	0,2,7,20,27	4
5080241857	5	0,2,7,20,27	9
7204192769	5	0,2,7,20,27	14
2029795969	5	0,2,7,21,28	9
2029795969	5	0,2,7,21,28	15
6980274881	5	0,2,7,22,27	4
6980274881	5	0,2,7,22,27	14
7905283201	5	0,2,7,23,25	4
7905283201	5	0,2,7,23,25	10
4165229569	5	0,2,7,23,27	0
3188336449	5	0,2,7,23,27	3
1941781697	5	0,2,7,23,27	7
1941781697	5	0,2,7,23,27	9
3188336449	5	0,2,7,23,27	13
4165229569	5	0,2,7,23,27	14
1932869249	5	0,2,8,10,19	2
1788854657	5	0,2,8,10,19	4
1932869249	5	0,2,8,10,19	10
1788854657	5	0,2,8,10,19	12
1932869249	5	0,2,8,10,23	1
1788854657	5	0,2,8,10,23	7
1932869249	5	0,2,8,10,23	9
1788854657	5	0,2,8,10,23	15
1083295937	5	0,2,8,11,13	6
1083295937	5	0,2,8,11,13	10
1788854657	5	0,2,8,11,26	9
1932869249	5	0,2,8,11,26	10
1788854657	5	0,2,8,11,26	13
1932869249	5	0,2,8,11,26	14
2709394817	5	0,2,8,13,15	3
2292195137	5	0,2,8,13,15	4
2292195137	5	0,2,8,13,15	8
2709394817	5	0,2,8,13,15	15
3693023041	5	0,2,8,13,20	9
3693023041	5	0,2,8,13,20	13
4368968641	5	0,2,8,13,21	2
4368968641	5	0,2,8,13,21	14
2174096129	5	0,2,8,14,21	3
2174096129	5	0,2,8,14,21	11
1544970433	5	0,2,8,15,19	7
1544970433	5	0,2,8,15,19	11
1601343937	5	0,2,8,15,25	0
1601343937	5	0,2,8,15,25	12
2109020929	5	0,2,8,15,27	3
2109020929	5	0,2,8,15,27	15
1076442817	5	0,2,8,15,29	2
1076442817	5	0,2,8,15,29	14
1363117121	5	0,2,8,16,21	4
1363117121	5	0,2,8,16,21	12
1363117121	5	0,2,8,17,24	0
1363117121	5	0,2,8,17,24	4
6142387969	5	0,2,8,17,25	3
6142387969	5	0,2,8,17,25	15
1866576577	5	0,2,8,19,25	4
1866576577	5	0,2,8,19,25	8
1296611009	5	0,2,8,19,27	4
1296611009	5	0,2,8,19,27	8
1398270529	5	0,2,8,19,28	10
1398270529	5	0,2,8,19,28	14
1119726401	5	0,2,8,20,23	4
1119726401	5	0,2,8,20,23	12
3693023041	5	0,2,8,20,29	4
3693023041	5	0,2,8,20,29	12
1264110721	5	0,2,8,21,27	2
1264110721	5	0,2,8,21,27	14
3466209473	5	0,2,8,23,25	1
3466209473	5	0,2,8,23,25	13
1932869249	5	0,2,8,23,26	0
1788854657	5	0,2,8,23,26	3
1932869249	5	0,2,8,23,26	4
1788854657	5	0,2,8,23,26	7
4337074369	5	0,2,8,23,27	1
4337074369	5	0,2,8,23,27	13
15181899841	5	0,2,9,11,18	2
15181899841	5	0,2,9,11,18	4
1297511617	5	0,2,9,11,20	2
1297511617	5	0,2,9,11,20	4
2870372737	5	0,2,9,11,20	9
2870372737	5	0,2,9,11,20	15
10386168577	5	0,2,9,11,21	2
10386168577	5	0,2,9,11,21	12
10386168577	5	0,2,9,11,22	9
10386168577	5	0,2,9,11,22	15
2870372737	5	0,2,9,11,23	2
1297511617	5	0,2,9,11,23	7
1297511617	5	0,2,9,11,23	9
2870372737	5	0,2,9,11,23	12
15181899841	5	0,2,9,11,25	7
15181899841	5	0,2,9,11,25	9
3466209473	5	0,2,9,11,26	1
3466209473	5	0,2,9,11,26	7
7905283201	5	0,2,9,11,27	4
7905283201	5	0,2,9,11,27	10
4262885761	5	0,2,9,11,28	1
4262885761	5	0,2,9,11,28	7
1750277953	5	0,2,9,12,14	13
1750277953	5	0,2,9,12,14	15
1580684929	5	0,2,9,12,21	3
1580684929	5	0,2,9,12,21	9
1949480513	5	0,2,9,12,24	13
1949480513	5	0,2,9,12,24	15
2785497217	5	0,2,9,12,29	1
2785497217	5	0,2,9,12,29	11
3289367041	5	0,2,9,13,15	4
3289367041	5	0,2,9,13,15	10
1660967617	5	0,2,9,13,22	9
1660967617	5	0,2,9,13,22	15
1803923969	5	0,2,9,14,21	4
1803923969	5	0,2,9,14,21	14
2412295169	5	0,2,9,14,25	3
2412295169	5	0,2,9,14,25	4
2412295169	5	0,2,9,14,25	9
2412295169	5	0,2,9,14,25	14
2025615041	5	0,2,9,14,27	0
2025615041	5	0,2,9,14,27	10
1622511361	5	0,2,9,15,20	10
1622511361	5	0,2,9,15,20	12
2029795969	5	0,2,9,15,22	11
2029795969	5	0,2,9,15,22	13
1866576577	5	0,2,9,15,26	10
1866576577	5	0,2,9,15,26	12
1250447873	5	0,2,9,15,28	9
1250447873	5	0,2,9,15,28	15
6893348353	5	0,2,9,16,25	4
6893348353	5	0,2,9,16,25	7
6893348353	5	0,2,9,16,25	13
6893348353	5	0,2,9,16,25	14
1264110721	5	0,2,9,17,19	6
1264110721	5	0,2,9,17,19	8
3180193537	5	0,2,9,17,21	2
3180193537	5	0,2,9,17,21	12
4368968641	5	0,2,9,17,24	11
4368968641	5	0,2,9,17,24	13
6142387969	5	0,2,9,17,26	9
6142387969	5	0,2,9,17,26	15
2534721281	5	0,2,9,17,27	0
2534721281	5	0,2,9,17,27	14
6893348353	5	0,2,9,18,25	0
6893348353	5	0,2,9,18,25	7
6893348353	5	0,2,9,18,25	10
6893348353	5	0,2,9,18,25	13
2292195137	5	0,2,9,19,24	0
2292195137	5	0,2,9,19,24	6
2709394817	5	0,2,9,19,24	10
2709394817	5	0,2,9,19,24	12
1601343937	5	0,2,9,19,26	8
1601343937	5	0,2,9,19,26	14
1750277953	5	0,2,9,20,22	4
1750277953	5	0,2,9,20,22	6
2025615041	5	0,2,9,20,23	5
2025615041	5	0,2,9,20,23	15
2412295169	5	0,2,9,20,25	0
2412295169	5	0,2,9,20,25	3
2412295169	5	0,2,9,20,25	9
2412295169	5	0,2,9,20,25	10
1803923969	5	0,2,9,20,29	3
1803923969	5	0,2,9,20,29	9
1580684929	5	0,2,9,22,29	4
1580684929	5	0,2,9,22,29	14
3693023041	5	0,2,9,24,28	1
3693023041	5	0,2,9,24,28	3
2624020417	5	0,2,9,25,28	8
2624020417	5	0,2,9,25,28	11
2624020417	5	0,2,9,25,28	13
2624020417	5	0,2,9,25,28	14
3525947393	5	0,2,10,12,29	1
3525947393	5	0,2,10,12,29	9
6142387969	5	0,2,10,13,21	7
6142387969	5	0,2,10,13,21	11
1499487617	5	0,2,10,13,22	11
1499487617	5	0,2,10,13,22	15
3466209473	5	0,2,10,13,23	2
3466209473	5	0,2,10,13,23	14
2121973697	5	0,2,10,13,29	0
2121973697	5	0,2,10,13,29	7
2121973697	5	0,2,10,13,29	11
2121973697	5	0,2,10,13,29	12
2109020929	5	0,2,10,15,19	0
2109020929	5	0,2,10,15,19	12
2174096129	5	0,2,10,15,20	9
2174096129	5	0,2,10,15,20	13
2534721281	5	0,2,10,15,21	1
2534721281	5	0,2,10,15,21	13
2292195137	5	0,2,10,15,25	2
2709394817	5	0,2,10,15,25	4
2709394817	5	0,2,10,15,25	8
2292195137	5	0,2,10,15,25	14
1544970433	5	0,2,10,15,27	0
1544970433	5	0,2,10,15,27	12
1601343937	5	0,2,10,15,29	6
1601343937	5	0,2,10,15,29	10
1264110721	5	0,2,10,17,19	3
1264110721	5	0,2,10,17,19	15
4368968641	5	0,2,10,17,25	7
4368968641	5	0,2,10,17,25	11
1363117121	5	0,2,10,17,26	10
1363117121	5	0,2,10,17,26	14
1363117121	5	0,2,10,18,21	1
1363117121	5	0,2,10,18,21	9
1296611009	5	0,2,10,19,27	2
1296611009	5	0,2,10,19,27	14
4076771393	5	0,2,10,21,29	1
4076771393	5	0,2,10,21,29	13
1949480513	5	0,2,10,22,25	7
1949480513	5	0,2,10,22,25	15
1499487617	5	0,2,10,22,29	0
1499487617	5	0,2,10,22,29	8
1932869249	5	0,2,10,24,27	3
1788854657	5	0,2,10,24,27	6
1932869249	5	0,2,10,24,27	11
1788854657	5	0,2,10,24,27	14
1105734017	5	0,2,11,14,18	1
1105734017	5	0,2,11,14,18	3
5080241857	5	0,2,11,14,23	4
7204192769	5	0,2,11,14,23	7
7204192769	5	0,2,11,14,23	13
5080241857	5	0,2,11,14,23	14
2025615041	5	0,2,11,14,25	5
2025615041	5	0,2,11,14,25	15
1119726401	5	0,2,11,14,26	8
1119726401	5	0,2,11,14,26	10
3124473857	5	0,2,11,15,17	3
3124473857	5	0,2,11,15,17	13
2286007873	5	0,2,11,15,21	0
2286007873	5	0,2,11,15,21	14
1385857601	5	0,2,11,15,27	6
1385857601	5	0,2,11,15,27	8
7700867137	5	0,2,11,15,28	10
7700867137	5	0,2,11,15,28	12
7817766721	5	0,2,11,16,23	0
7817766721	5	0,2,11,16,23	10
2003887297	5	0,2,11,16,28	1
2003887297	5	0,2,11,16,28	3
1240209601	5	0,2,11,16,29	5
1240209601	5	0,2,11,16,29	15
2286007873	5	0,2,11,17,20	10
2286007873	5	0,2,11,17,20	12
7817766721	5	0,2,11,18,23	4
7817766721	5	0,2,11,18,23	14
1416056641	5	0,2,11,18,29	4
1416056641	5	0,2,11,18,29	14
1076442817	5	0,2,11,19,29	3
1076442817	5	0,2,11,19,29	13
5080241857	5	0,2,11,20,23	0
7204192769	5	0,2,11,20,23	7
5080241857	5	0,2,11,20,23	10
7204192769	5	0,2,11,20,23	13
3466209473	5	0,2,11,21,24	0
3466209473	5	0,2,11,21,24	6
3188336449	5	0,2,11,23,27	0
4165229569	5	0,2,11,23,27	3
1941781697	5	0,2,11,23,27	6
1941781697	5	0,2,11,23,27	8
4165229569	5	0,2,11,23,27	13
3188336449	5	0,2,11,23,27	14
1660967617	5	0,2,11,23,28	8
1660967617	5	0,2,11,23,28	14
1119726401	5	0,2,11,24,28	1
1119726401	5	0,2,11,24,28	3
1750277953	5	0,2,12,14,25	2
1750277953	5	0,2,12,14,25	10
1250447873	5	0,2,12,15,17	3
1250447873	5	0,2,12,15,17	15
3693023041	5	0,2,12,15,20	0
3693023041	5	0,2,12,15,20	4
2003887297	5	0,2,12,16,19	7
2003887297	5	0,2,12,16,19	15
2025800129	5	0,2,12,16,29	1
2025800129	5	0,2,12,16,29	9
1261872641	5	0,2,12,17,21	2
1261872641	5	0,2,12,17,21	14
5783474497	5	0,2,12,17,27	1
5783474497	5	0,2,12,17,27	13
2029795969	5	0,2,12,19,25	7
2029795969	5	0,2,12,19,25	11
2025800129	5	0,2,12,19,28	0
2025800129	5	0,2,12,19,28	4
3289367041	5	0,2,12,19,29	4
3289367041	5	0,2,12,19,29	8
1499487617	5	0,2,12,21,24	11
1499487617	5	0,2,12,21,24	15
1660967617	5	0,2,12,21,25	3
1660967617	5	0,2,12,21,25	15
2003887297	5	0,2,12,21,28	9
2003887297	5	0,2,12,21,28	13
6010109057	5	0,2,12,22,27	0
6010109057	5	0,2,12,22,27	8
2135255873	5	0,2,12,22,29	6
2135255873	5	0,2,12,22,29	14
5783474497	5	0,2,13,15,28	2
5783474497	5	0,2,13,15,28	4
1240209601	5	0,2,13,15,29	1
1240209601	5	0,2,13,15,29	15
1818401089	5	0,2,13,16,20	0
1818401089	5	0,2,13,16,20	2
1363117121	5	0,2,13,16,24	1
1363117121	5	0,2,13,16,24	3
1240209601	5	0,2,13,16,27	4
1240209601	5	0,2,13,16,27	14
12266306753	5	0,2,13,17,19	4
12266306753	5	0,2,13,17,19	10
1261872641	5	0,2,13,17,22	0
1261872641	5	0,2,13,17,22	6
3180193537	5	0,2,13,17,25	6
3180193537	5	0,2,13,17,25	8
6980274881	5	0,2,13,17,28	1
6980274881	5	0,2,13,17,28	7
1363117121	5	0,2,13,18,26	8
1363117121	5	0,2,13,18,26	10
1416056641	5	0,2,13,18,27	1
1416056641	5	0,2,13,18,27	11
2286007873	5	0,2,13,19,23	0
2286007873	5	0,2,13,19,23	14
2534721281	5	0,2,13,19,24	1
2534721281	5	0,2,13,19,24	7
1803923969	5	0,2,13,20,25	0
1803923969	5	0,2,13,20,25	10
2174096129	5	0,2,13,20,26	9
2174096129	5	0,2,13,20,26	11
6142387969	5	0,2,13,21,24	11
6142387969	5	0,2,13,21,24	13
4368968641	5	0,2,13,21,26	0
4368968641	5	0,2,13,21,26	6
1601343937	5	0,2,13,21,27	3
1601343937	5	0,2,13,21,27	13
1580684929	5	0,2,13,22,25	3
1580684929	5	0,2,13,22,25	9
2286007873	5	0,2,14,17,23	4
2286007873	5	0,2,14,17,23	8
7204192769	5	0,2,14,17,29	1
5080241857	5	0,2,14,17,29	7
5080241857	5	0,2,14,17,29	11
7204192769	5	0,2,14,17,29	13
1818401089	5	0,2,14,18,21	6
1818401089	5	0,2,14,18,21	14
1105734017	5	0,2,14,18,27	6
1105734017	5	0,2,14,18,27	14
3693023041	5	0,2,14,19,22	10
3693023041	5	0,2,14,19,22	14
2174096129	5	0,2,14,19,24	3
2174096129	5	0,2,14,19,24	7
1622511361	5	0,2,14,19,25	4
1622511361	5	0,2,14,19,25	8
3693023041	5	0,2,14,21,26	3
3693023041	5	0,2,14,21,26	7
1119726401	5	0,2,14,22,29	6
1119726401	5	0,2,14,22,29	14
2003887297	5	0,2,15,18,22	13
2003887297	5	0,2,15,18,22	15
1162540033	5	0,2,15,18,27	1
1162540033	5	0,2,15,18,27	11
2109020929	5	0,2,15,19,24	8
2109020929	5	0,2,15,19,24	14
1544970433	5	0,2,15,19,26	11
1544970433	5	0,2,15,19,26	13
1679313473	5	0,2,15,19,27	0
1679313473	5	0,2,15,19,27	14
2029795969	5	0,2,15,19,29	3
2029795969	5	0,2,15,19,29	13
1479358081	5	0,2,15,20,27	0
1479358081	5	0,2,15,20,27	10
4337074369	5	0,2,15,24,27	3
4337074369	5	0,2,15,24,27	9
1105734017	5	0,2,16,20,23	1
1105734017	5	0,2,16,20,23	9
1818401089	5	0,2,16,20,29	1
1818401089	5	0,2,16,20,29	9
2025800129	5	0,2,16,21,28	3
2025800129	5	0,2,16,21,28	7
1363117121	5	0,2,16,24,29	0
1363117121	5	0,2,16,24,29	8
2286007873	5	0,2,17,20,27	2
2286007873	5	0,2,17,20,27	8
1479358081	5	0,2,17,20,29	6
1479358081	5	0,2,17,20,29	12
12266306753	5	0,2,17,22,27	6
12266306753	5	0,2,17,22,27	12
7700867137	5	0,2,17,22,29	0
7700867137	5	0,2,17,22,29	10
10386168577	5	0,2,17,23,28	10
10386168577	5	0,2,17,23,28	12
1363117121	5	0,2,18,26,29	3
1363117121	5	0,2,18,26,29	11
4262885761	5	0,2,19,22,29	6
4262885761	5	0,2,19,22,29	12
2785497217	5	0,2,19,23,28	0
2785497217	5	0,2,19,23,28	6
2837232961	5	0,2,19,25,28	9
2837232961	5	0,2,19,25,28	15
1622511361	5	0,2,19,25,29	3
1622511361	5	0,2,19,25,29	13
2174096129	5	0,2,20,26,29	0
2174096129	5	0,2,20,26,29	8
4076771393	5	0,2,21,24,29	0
4076771393	5	0,2,21,24,29	10
2155022657	5	0,2,21,25,28	1
2155022657	5	0,2,21,25,28	7
1660967617	5	0,2,22,25,29	0
1660967617	5	0,2,22,25,29	12
1264110721	5	0,2,23,26,29	7
1264110721	5	0,2,23,26,29	13
1315188097	5	0,3,6,9,12	8
1315188097	5	0,3,6,9,12	10
1315188097	5	0,3,6,9,12	13
1315188097	5	0,3,6,9,12	15
12266306753	5	0,3,6,9,18	9
12266306753	5	0,3,6,9,18	12
3124473857	5	0,3,6,9,20	2
3124473857	5	0,3,6,9,20	7
3124473857	5	0,3,6,9,21	4
3124473857	5	0,3,6,9,21	9
12266306753	5	0,3,6,9,23	2
12266306753	5	0,3,6,9,23	15
2870372737	5	0,3,6,10,13	1
1297511617	5	0,3,6,10,13	4
2870372737	5	0,3,6,10,13	8
1297511617	5	0,3,6,10,13	13
2286007873	5	0,3,6,10,21	2
2286007873	5	0,3,6,10,21	11
6142387969	5	0,3,6,11,14	1
6142387969	5	0,3,6,11,14	4
3180193537	5	0,3,6,11,15	2
3180193537	5	0,3,6,11,15	15
3466209473	5	0,3,6,11,17	3
3466209473	5	0,3,6,11,17	14
4076771393	5	0,3,6,11,24	2
4076771393	5	0,3,6,11,24	7
6010109057	5	0,3,6,12,18	14
6010109057	5	0,3,6,12,18	15
15181899841	5	0,3,6,13,16	8
15181899841	5	0,3,6,13,16	13
7905283201	5	0,3,6,13,22	2
7905283201	5	0,3,6,13,22	7
2534721281	5	0,3,6,13,24	2
2534721281	5	0,3,6,13,24	7
2534721281	5	0,3,6,14,25	3
2534721281	5	0,3,6,14,25	10
4076771393	5	0,3,6,14,27	3
4076771393	5	0,3,6,14,27	10
6980274881	5	0,3,6,15,18	8
6980274881	5	0,3,6,15,18	13
6893348353	5	0,3,6,16,19	4
6893348353	5	0,3,6,16,19	7
6893348353	5	0,3,6,16,19	13
6893348353	5	0,3,6,16,19	14
7905283201	5	0,3,6,16,25	3
7905283201	5	0,3,6,16,25	10
2286007873	5	0,3,6,17,28	3
2286007873	5	0,3,6,17,28	6
6893348353	5	0,3,6,19,22	1
6893348353	5	0,3,6,19,22	4
6893348353	5	0,3,6,19,22	10
6893348353	5	0,3,6,19,22	15
6980274881	5	0,3,6,20,23	1
6980274881	5	0,3,6,20,23	8
6010109057	5	0,3,6,20,26	14
6010109057	5	0,3,6,20,26	15
3466209473	5	0,3,6,21,27	2
3466209473	5	0,3,6,21,27	15
15181899841	5	0,3,6,22,25	1
15181899841	5	0,3,6,22,25	8
3180193537	5	0,3,6,23,27	3
3180193537	5	0,3,6,23,27	14
6142387969	5	0,3,6,24,27	4
6142387969	5	0,3,6,24,27	13
1297511617	5	0,3,6,25,28	1
1297511617	5	0,3,6,25,28	4
2870372737	5	0,3,6,25,28	8
2870372737	5	0,3,6,25,28	13
6980274881	5	0,3,7,10,14	1
6980274881	5	0,3,7,10,14	2
7817766721	5	0,3,7,10,16	4
7817766721	5	0,3,7,10,16	7
4165229569	5	0,3,7,10,19	2
1941781697	5	0,3,7,10,19	4
3188336449	5	0,3,7,10,19	7
4165229569	5	0,3,7,10,19	9
3188336449	5	0,3,7,10,19	12
1941781697	5	0,3,7,10,19	15
3291724481	5	0,3,7,10,20	9
3291724481	5	0,3,7,10,20	10
3291724481	5	0,3,7,10,22	1
3291724481	5	0,3,7,10,22	2
4165229569	5	0,3,7,10,23	2
3188336449	5	0,3,7,10,23	4
1941781697	5	0,3,7,10,23	7
4165229569	5	0,3,7,10,23	9
1941781697	5	0,3,7,10,23	12
3188336449	5	0,3,7,10,23	15
7817766721	5	0,3,7,10,26	4
7817766721	5	0,3,7,10,26	7
6980274881	5	0,3,7,10,28	9
6980274881	5	0,3,7,10,28	10
1119726401	5	0,3,7,11,17	4
1119726401	5	0,3,7,11,17	11
1582598657	5	0,3,7,11,19	3
1582598657	5	0,3,7,11,19	12
4191854593	5	0,3,7,11,24	11
4191854593	5	0,3,7,11,24	12
2738566849	5	0,3,7,12,15	1
2738566849	5	0,3,7,12,15	10
4169310721	5	0,3,7,12,16	8
4169310721	5	0,3,7,12,16	11
1261872641	5	0,3,7,12,17	6
1261872641	5	0,3,7,12,17	13
2504482049	5	0,3,7,12,19	3
2504482049	5	0,3,7,12,19	8
3729188993	5	0,3,7,12,23	7
3729188993	5	0,3,7,12,23	12
2412295169	5	0,3,7,13,16	1
2412295169	5	0,3,7,13,16	6
2412295169	5	0,3,7,13,16	10
2412295169	5	0,3,7,13,16	13
1750277953	5	0,3,7,13,17	4
1750277953	5	0,3,7,13,17	11
1261872641	5	0,3,7,14,20	13
1261872641	5	0,3,7,14,20	14
12266306753	5	0,3,7,14,25	7
12266306753	5	0,3,7,14,25	12
1149803329	5	0,3,7,15,19	1
1980328897	5	0,3,7,15,19	7
1980328897	5	0,3,7,15,19	8
1149803329	5	0,3,7,15,19	14
1747047233	5	0,3,7,15,26	0
1747047233	5	0,3,7,15,26	7
3729188993	5	0,3,7,16,20	1
3729188993	5	0,3,7,16,20	2
7817766721	5	0,3,7,16,26	12
7817766721	5	0,3,7,16,26	15
4169310721	5	0,3,7,16,28	0
4169310721	5	0,3,7,16,28	3
1660967617	5	0,3,7,17,20	1
1660967617	5	0,3,7,17,20	6
2135255873	5	0,3,7,17,21	7
2135255873	5	0,3,7,17,21	8
7700867137	5	0,3,7,17,28	9
7700867137	5	0,3,7,17,28	14
2785497217	5	0,3,7,18,22	1
2785497217	5	0,3,7,18,22	2
3124473857	5	0,3,7,18,25	4
3124473857	5	0,3,7,18,25	15
1747047233	5	0,3,7,18,27	2
1747047233	5	0,3,7,18,27	9
7700867137	5	0,3,7,18,28	0
7700867137	5	0,3,7,18,28	3
4169310721	5	0,3,7,19,28	9
4169310721	5	0,3,7,19,28	14
2738566849	5	0,3,7,20,24	4
2738566849	5	0,3,7,20,24	7
2433845569	5	0,3,7,21,24	3
2433845569	5	0,3,7,21,24	4
8925216449	5	0,3,7,21,24	8
8925216449	5	0,3,7,21,24	15
6010109057	5	0,3,7,21,25	1
6010109057	5	0,3,7,21,25	14
10386168577	5	0,3,7,22,25	1
10386168577	5	0,3,7,22,25	10
1803923969	5	0,3,7,22,26	8
1803923969	5	0,3,7,22,26	11
3180193537	5	0,3,7,22,27	1
3180193537	5	0,3,7,22,27	10
1980328897	5	0,3,7,23,27	2
1149803329	5	0,3,7,23,27	4
1149803329	5	0,3,7,23,27	11
1980328897	5	0,3,7,23,27	13
2738566849	5	0,3,8,12,15	4
2738566849	5	0,3,8,12,15	13
1582598657	5	0,3,8,12,16	12
1582598657	5	0,3,8,12,16	13
1679313473	5	0,3,8,12,17	4
1679313473	5	0,3,8,12,17	13
1980328897	5	0,3,8,12,28	6
1980328897	5	0,3,8,12,28	7
1149803329	5	0,3,8,12,28	10
1149803329	5	0,3,8,12,28	11
1264110721	5	0,3,8,13,18	11
1264110721	5	0,3,8,13,18	14
2560041857	5	0,3,8,13,23	3
2560041857	5	0,3,8,13,23	14
2534721281	5	0,3,8,13,26	11
2534721281	5	0,3,8,13,26	14
4368968641	5	0,3,8,13,27	0
4368968641	5	0,3,8,13,27	13
3180193537	5	0,3,8,13,28	1
3180193537	5	0,3,8,13,28	4
1866576577	5	0,3,8,14,17	3
1866576577	5	0,3,8,14,17	10
2121973697	5	0,3,8,14,19	1
2121973697	5	0,3,8,14,19	4
2121973697	5	0,3,8,14,19	8
2121973697	5	0,3,8,14,19	13
1499487617	5	0,3,8,14,20	8
1499487617	5	0,3,8,14,20	9
3525947393	5	0,3,8,14,26	6
3525947393	5	0,3,8,14,26	7
4076771393	5	0,3,8,14,27	7
4076771393	5	0,3,8,14,27	14
4191854593	5	0,3,8,15,23	2
4191854593	5	0,3,8,15,23	15
2433845569	5	0,3,8,15,25	0
8925216449	5	0,3,8,15,25	7
8925216449	5	0,3,8,15,25	10
2433845569	5	0,3,8,15,25	13
2292195137	5	0,3,8,17,22	1
2709394817	5	0,3,8,17,22	2
2292195137	5	0,3,8,17,22	4
2709394817	5	0,3,8,17,22	7
1296611009	5	0,3,8,17,27	7
1296611009	5	0,3,8,17,27	10
1747047233	5	0,3,8,17,28	3
1747047233	5	0,3,8,17,28	6
1083295937	5	0,3,8,18,21	3
1083295937	5	0,3,8,18,21	10
2109020929	5	0,3,8,18,23	2
2109020929	5	0,3,8,18,23	11
1296611009	5	0,3,8,18,27	4
1296611009	5	0,3,8,18,27	13
4076771393	5	0,3,8,21,27	0
4076771393	5	0,3,8,21,27	13
4368968641	5	0,3,8,22,27	7
4368968641	5	0,3,8,22,27	14
1544970433	5	0,3,8,23,26	8
1544970433	5	0,3,8,23,26	13
5783474497	5	0,3,9,12,18	4
5783474497	5	0,3,9,12,18	7
5783474497	5	0,3,9,12,26	4
5783474497	5	0,3,9,12,26	7
1544970433	5	0,3,9,12,27	7
1544970433	5	0,3,9,12,27	12
2412295169	5	0,3,9,13,16	3
2412295169	5	0,3,9,13,16	4
2412295169	5	0,3,9,13,16	10
2412295169	5	0,3,9,13,16	13
1297511617	5	0,3,9,13,22	2
1297511617	5	0,3,9,13,22	5
2870372737	5	0,3,9,13,22	9
2870372737	5	0,3,9,13,22	14
2025615041	5	0,3,9,13,26	9
2025615041	5	0,3,9,13,26	14
1803923969	5	0,3,9,13,28	11
1803923969	5	0,3,9,13,28	12
1866576577	5	0,3,9,14,17	6
1866576577	5	0,3,9,14,17	13
4262885761	5	0,3,9,14,20	1
4262885761	5	0,3,9,14,20	2
2837232961	5	0,3,9,14,21	0
2837232961	5	0,3,9,14,21	11
1250447873	5	0,3,9,14,23	3
1250447873	5	0,3,9,14,23	8
3289367041	5	0,3,9,14,26	9
3289367041	5	0,3,9,14,26	10
1105734017	5	0,3,9,15,19	6
1105734017	5	0,3,9,15,19	9
2135255873	5	0,3,9,15,21	1
2135255873	5	0,3,9,15,21	14
8925216449	5	0,3,9,15,24	3
8925216449	5	0,3,9,15,24	4
2433845569	5	0,3,9,15,24	9
2433845569	5	0,3,9,15,24	14
1416056641	5	0,3,9,16,26	13
1416056641	5	0,3,9,16,26	14
1398270529	5	0,3,9,17,21	1
1398270529	5	0,3,9,17,21	14
15181899841	5	0,3,9,19,22	1
15181899841	5	0,3,9,19,22	6
1416056641	5	0,3,9,19,26	0
1416056641	5	0,3,9,19,26	7
7817766721	5	0,3,9,19,28	8
7817766721	5	0,3,9,19,28	15
7700867137	5	0,3,9,20,23	1
7700867137	5	0,3,9,20,23	10
1747047233	5	0,3,9,20,28	13
1747047233	5	0,3,9,20,28	14
3289367041	5	0,3,9,21,26	3
3289367041	5	0,3,9,21,26	4
3525947393	5	0,3,9,21,27	2
3525947393	5	0,3,9,21,27	13
7905283201	5	0,3,9,22,25	3
7905283201	5	0,3,9,22,25	8
2025615041	5	0,3,9,22,26	0
2025615041	5	0,3,9,22,26	3
2534721281	5	0,3,9,22,27	0
2534721281	5	0,3,9,22,27	11
4065171137	5	0,3,10,13,20	1
4065171137	5	0,3,10,13,20	4
4065171137	5	0,3,10,13,25	7
4065171137	5	0,3,10,13,25	10
7905283201	5	0,3,10,13,26	9
7905283201	5	0,3,10,13,26	12
10386168577	5	0,3,10,13,28	1
10386168577	5	0,3,10,13,28	4
5783474497	5	0,3,10,14,21	7
5783474497	5	0,3,10,14,21	14
6010109057	5	0,3,10,14,28	0
6010109057	5	0,3,10,14,28	1
1385857601	5	0,3,10,15,19	6
1385857601	5	0,3,10,15,19	11
3124473857	5	0,3,10,17,28	10
3124473857	5	0,3,10,17,28	15
1932869249	5	0,3,10,18,24	6
1932869249	5	0,3,10,18,24	7
1788854657	5	0,3,10,18,24	12
1788854657	5	0,3,10,18,24	13
3188336449	5	0,3,10,19,23	0
1941781697	5	0,3,10,19,23	1
4165229569	5	0,3,10,19,23	6
4165229569	5	0,3,10,19,23	11
1941781697	5	0,3,10,19,23	12
3188336449	5	0,3,10,19,23	13
1398270529	5	0,3,10,20,24	6
1398270529	5	0,3,10,20,24	7
8925216449	5	0,3,10,20,27	4
2433845569	5	0,3,10,20,27	7
8925216449	5	0,3,10,20,27	13
2433845569	5	0,3,10,20,27	14
12266306753	5	0,3,10,21,28	8
12266306753	5	0,3,10,21,28	13
4368968641	5	0,3,11,14,22	4
4368968641	5	0,3,11,14,22	7
4368968641	5	0,3,11,14,24	4
4368968641	5	0,3,11,14,24	7
2433845569	5	0,3,11,14,28	9
2433845569	5	0,3,11,14,28	10
8925216449	5	0,3,11,14,28	12
8925216449	5	0,3,11,14,28	15
1398270529	5	0,3,11,15,25	2
1398270529	5	0,3,11,15,25	13
2738566849	5	0,3,11,15,28	10
2738566849	5	0,3,11,15,28	13
1932869249	5	0,3,11,17,25	2
1788854657	5	0,3,11,17,25	7
1788854657	5	0,3,11,17,25	8
1932869249	5	0,3,11,17,25	13
2433845569	5	0,3,11,20,26	0
2433845569	5	0,3,11,20,26	3
8925216449	5	0,3,11,20,26	9
8925216449	5	0,3,11,20,26	10
4191854593	5	0,3,11,24,28	8
4191854593	5	0,3,11,24,28	11
7700867137	5	0,3,12,15,26	1
7700867137	5	0,3,12,15,26	4
2504482049	5	0,3,12,16,23	7
2504482049	5	0,3,12,16,23	14
1941781697	5	0,3,12,16,25	1
4165229569	5	0,3,12,16,25	2
3188336449	5	0,3,12,16,25	7
1941781697	5	0,3,12,16,25	8
4165229569	5	0,3,12,16,25	11
3188336449	5	0,3,12,16,25	14
2908472641	5	0,3,12,17,21	1
2908472641	5	0,3,12,17,21	12
2109020929	5	0,3,12,17,27	6
2109020929	5	0,3,12,17,27	11
2504482049	5	0,3,12,19,23	0
2504482049	5	0,3,12,19,23	13
4191854593	5	0,3,12,20,27	6
4191854593	5	0,3,12,20,27	15
1250447873	5	0,3,12,21,26	9
1250447873	5	0,3,12,21,26	12
2560041857	5	0,3,12,22,27	0
2560041857	5	0,3,12,22,27	9
3729188993	5	0,3,12,23,28	8
3729188993	5	0,3,12,23,28	13
15181899841	5	0,3,13,16,26	1
15181899841	5	0,3,13,16,26	2
1660967617	5	0,3,13,17,20	3
1660967617	5	0,3,13,17,20	4
1949480513	5	0,3,13,17,21	2
1949480513	5	0,3,13,17,21	13
2785497217	5	0,3,13,17,28	1
2785497217	5	0,3,13,17,28	6
1083295937	5	0,3,13,18,21	6
1083295937	5	0,3,13,18,21	13
2292195137	5	0,3,13,18,27	1
2709394817	5	0,3,13,18,27	6
2292195137	5	0,3,13,18,27	10
2709394817	5	0,3,13,18,27	13
2870372737	5	0,3,13,22,26	0
2870372737	5	0,3,13,22,26	3
1297511617	5	0,3,13,22,26	5
1297511617	5	0,3,13,22,26	6
1949480513	5	0,3,14,18,22	6
1949480513	5	0,3,14,18,22	7
2908472641	5	0,3,14,18,23	1
2908472641	5	0,3,14,18,23	8
1398270529	5	0,3,14,18,26	0
1398270529	5	0,3,14,18,26	1
2135255873	5	0,3,14,18,28	12
2135255873	5	0,3,14,18,28	13
2135255873	5	0,3,14,20,26	0
2135255873	5	0,3,14,20,26	1
5783474497	5	0,3,14,21,25	0
5783474497	5	0,3,14,21,25	13
2837232961	5	0,3,14,21,26	11
2837232961	5	0,3,14,21,26	14
3729188993	5	0,3,15,19,28	1
3729188993	5	0,3,15,19,28	6
4262885761	5	0,3,15,21,26	1
4262885761	5	0,3,15,21,26	6
1499487617	5	0,3,15,21,27	3
1499487617	5	0,3,15,21,27	12
1261872641	5	0,3,15,21,28	0
1261872641	5	0,3,15,21,28	7
1385857601	5	0,3,16,20,25	2
1385857601	5	0,3,16,20,25	11
1105734017	5	0,3,16,20,26	2
1105734017	5	0,3,16,20,26	3
1149803329	5	0,3,16,20,28	0
1149803329	5	0,3,16,20,28	1
1980328897	5	0,3,16,20,28	12
1980328897	5	0,3,16,20,28	13
2121973697	5	0,3,16,21,27	1
2121973697	5	0,3,16,21,27	7
2121973697	5	0,3,16,21,27	10
2121973697	5	0,3,16,21,27	12
2504482049	5	0,3,16,23,28	9
2504482049	5	0,3,16,23,28	12
1582598657	5	0,3,16,24,28	8
1582598657	5	0,3,16,24,28	9
1264110721	5	0,3,17,22,27	0
1264110721	5	0,3,17,22,27	11
1750277953	5	0,3,18,22,28	10
1750277953	5	0,3,18,22,28	11
1679313473	5	0,3,18,23,27	7
1679313473	5	0,3,18,23,27	10
1261872641	5	0,3,18,23,28	2
1261872641	5	0,3,18,23,28	7
1119726401	5	0,3,18,24,28	10
1119726401	5	0,3,18,24,28	11
1582598657	5	0,3,19,23,27	7
1582598657	5	0,3,19,23,27	8
4169310721	5	0,3,19,23,28	11
4169310721	5	0,3,19,23,28	12
4191854593	5	0,4,8,13,21	3
4191854593	5	0,4,8,13,21	15
1582598657	5	0,4,8,16,21	7
1582598657	5	0,4,8,16,21	15
1582598657	5	0,4,8,19,24	10
1582598657	5	0,4,8,19,24	14
4191854593	5	0,4,8,19,27	2
4191854593	5	0,4,8,19,27	14
1479358081	5	0,4,9,13,19	2
1479358081	5	0,4,9,13,19	12
2738566849	5	0,4,9,13,21	7
2738566849	5	0,4,9,13,21	9
6980274881	5	0,4,9,13,22	2
6980274881	5	0,4,9,13,22	4
6980274881	5	0,4,9,13,23	7
6980274881	5	0,4,9,13,23	9
2738566849	5	0,4,9,13,24	2
2738566849	5	0,4,9,13,24	4
1479358081	5	0,4,9,13,26	9
1479358081	5	0,4,9,13,26	15
12266306753	5	0,4,9,14,23	4
12266306753	5	0,4,9,14,23	14
5783474497	5	0,4,9,14,27	0
5783474497	5	0,4,9,14,27	10
3291724481	5	0,4,9,15,21	2
3291724481	5	0,4,9,15,21	12
4169310721	5	0,4,9,16,21	1
4169310721	5	0,4,9,16,21	11
1582598657	5	0,4,9,16,24	0
1582598657	5	0,4,9,16,24	2
1818401089	5	0,4,9,16,26	0
1818401089	5	0,4,9,16,26	2
1544970433	5	0,4,9,17,27	4
1544970433	5	0,4,9,17,27	10
6010109057	5	0,4,9,18,22	4
6010109057	5	0,4,9,18,22	6
2174096129	5	0,4,9,18,26	12
2174096129	5	0,4,9,18,26	14
1315188097	5	0,4,9,18,27	0
1315188097	5	0,4,9,18,27	4
1315188097	5	0,4,9,18,27	10
1315188097	5	0,4,9,18,27	14
1679313473	5	0,4,9,19,24	2
1679313473	5	0,4,9,19,24	4
1162540033	5	0,4,9,19,25	7
1162540033	5	0,4,9,19,25	9
1544970433	5	0,4,9,19,27	4
1544970433	5	0,4,9,19,27	10
1980328897	5	0,4,9,20,24	8
1980328897	5	0,4,9,20,24	10
1149803329	5	0,4,9,20,24	13
1149803329	5	0,4,9,20,24	15
2504482049	5	0,4,9,21,25	1
2504482049	5	0,4,9,21,25	15
5783474497	5	0,4,9,22,27	4
5783474497	5	0,4,9,22,27	14
1297511617	5	0,4,10,15,21	2
2870372737	5	0,4,10,15,21	7
2870372737	5	0,4,10,15,21	11
1297511617	5	0,4,10,15,21	14
2025615041	5	0,4,10,15,25	3
2025615041	5	0,4,10,15,25	15
1479358081	5	0,4,10,17,21	4
1479358081	5	0,4,10,17,21	8
2174096129	5	0,4,10,18,27	0
2174096129	5	0,4,10,18,27	8
5080241857	5	0,4,10,19,23	1
7204192769	5	0,4,10,19,23	6
7204192769	5	0,4,10,19,23	10
5080241857	5	0,4,10,19,23	13
1105734017	5	0,4,10,20,25	4
1105734017	5	0,4,10,20,25	12
1818401089	5	0,4,10,20,27	6
1818401089	5	0,4,10,20,27	14
7204192769	5	0,4,10,21,25	3
5080241857	5	0,4,10,21,25	6
5080241857	5	0,4,10,21,25	10
7204192769	5	0,4,10,21,25	15
5080241857	5	0,4,11,15,26	2
5080241857	5	0,4,11,15,26	4
7204192769	5	0,4,11,15,26	9
7204192769	5	0,4,11,15,26	15
2504482049	5	0,4,11,15,27	1
2504482049	5	0,4,11,15,27	15
3729188993	5	0,4,11,16,23	2
3729188993	5	0,4,11,16,23	8
1105734017	5	0,4,11,16,26	8
1105734017	5	0,4,11,16,26	10
1479358081	5	0,4,11,17,21	1
1479358081	5	0,4,11,17,21	15
2908472641	5	0,4,11,17,23	2
2908472641	5	0,4,11,17,23	12
1679313473	5	0,4,11,17,24	1
1679313473	5	0,4,11,17,24	7
2109020929	5	0,4,11,17,25	3
2109020929	5	0,4,11,17,25	13
1162540033	5	0,4,11,17,27	3
1162540033	5	0,4,11,17,27	13
1315188097	5	0,4,11,18,25	0
1315188097	5	0,4,11,18,25	4
1315188097	5	0,4,11,18,25	10
1315188097	5	0,4,11,18,25	14
2109020929	5	0,4,11,19,25	7
2109020929	5	0,4,11,19,25	9
1149803329	5	0,4,11,20,24	1
1149803329	5	0,4,11,20,24	3
1980328897	5	0,4,11,20,24	4
1980328897	5	0,4,11,20,24	6
2025615041	5	0,4,11,21,26	9
2025615041	5	0,4,11,21,26	15
1149803329	5	0,4,12,16,25	1
1980328897	5	0,4,12,16,25	2
1149803329	5	0,4,12,16,25	9
1980328897	5	0,4,12,16,25	10
1980328897	5	0,4,12,16,27	4
1149803329	5	0,4,12,16,27	7
1980328897	5	0,4,12,16,27	12
1149803329	5	0,4,12,16,27	15
1679313473	5	0,4,12,17,27	6
1679313473	5	0,4,12,17,27	10
1679313473	5	0,4,12,19,25	1
1679313473	5	0,4,12,19,25	13
1582598657	5	0,4,12,20,27	6
1582598657	5	0,4,12,20,27	14
5080241857	5	0,4,13,17,26	1
7204192769	5	0,4,13,17,26	2
7204192769	5	0,4,13,17,26	4
5080241857	5	0,4,13,17,26	7
6010109057	5	0,4,13,18,22	1
6010109057	5	0,4,13,18,22	3
2908472641	5	0,4,13,19,25	6
2908472641	5	0,4,13,19,25	8
3729188993	5	0,4,13,20,25	6
3729188993	5	0,4,13,20,25	12
12266306753	5	0,4,13,22,27	0
12266306753	5	0,4,13,22,27	10
4169310721	5	0,4,15,20,27	1
4169310721	5	0,4,15,20,27	11
1297511617	5	0,4,15,21,26	0
1297511617	5	0,4,15,21,26	6
2870372737	5	0,4,15,21,26	11
2870372737	5	0,4,15,21,26	13
3291724481	5	0,4,15,21,27	6
3291724481	5	0,4,15,21,27	8
1315188097	5	0,5,10,15,20	8
1315188097	5	0,5,10,15,20	10
1315188097	5	0,5,10,15,20	13
1315188097	5	0,5,10,15,20	15
6893348353	5	0,5,10,16,21	1
6893348353	5	0,5,10,16,21	2
6893348353	5	0,5,10,16,21	8
6893348353	5	0,5,10,16,21	11
6893348353	5	0,5,10,21,26	3
6893348353	5	0,5,10,21,26	6
6893348353	5	0,5,10,21,26	8
6893348353	5	0,5,10,21,26	13
15181899841	5	0,5,11,16,22	4
15181899841	5	0,5,11,16,22	7
2624020417	5	0,5,11,16,23	1
2624020417	5	0,5,11,16,23	4
2624020417	5	0,5,11,16,23	10
2624020417	5	0,5,11,16,23	15
2624020417	5	0,5,11,16,25	1
2624020417	5	0,5,11,16,25	7
2624020417	5	0,5,11,16,25	10
2624020417	5	0,5,11,16,25	12
15181899841	5	0,5,11,16,26	4
15181899841	5	0,5,11,16,26	7
2560041857	5	0,5,11,17,24	3
2560041857	5	0,5,11,17,24	4
4065171137	5	0,5,11,17,26	0
4065171137	5	0,5,11,17,26	7
2837232961	5	0,5,11,18,23	1
2837232961	5	0,5,11,18,23	10
1250447873	5	0,5,11,18,25	1
1250447873	5	0,5,11,18,25	10
6142387969	5	0,5,11,19,24	1
6142387969	5	0,5,11,19,24	6
3525947393	5	0,5,11,19,25	2
3525947393	5	0,5,11,19,25	13
2155022657	5	0,5,11,20,25	4
2155022657	5	0,5,11,20,25	15
4065171137	5	0,5,11,20,26	13
4065171137	5	0,5,11,20,26	14
2155022657	5	0,5,12,17,26	10
2155022657	5	0,5,12,17,26	15
2837232961	5	0,5,12,18,23	4
2837232961	5	0,5,12,18,23	13
3525947393	5	0,5,12,18,26	6
3525947393	5	0,5,12,18,26	7
1250447873	5	0,5,12,19,26	1
1250447873	5	0,5,12,19,26	4
6142387969	5	0,5,13,18,26	1
6142387969	5	0,5,13,18,26	2
2560041857	5	0,5,13,20,26	9
2560041857	5	0,5,13,20,26	10
1315188097	5	0,6,12,19,25	6
1315188097	5	0,6,12,19,25	7
1315188097	5	0,6,12,19,25	10
1315188097	5	0,6,12,19,25	11
